"","album_uri","album_name","album_img","album_release_date","album_release_year","album_popularity","track_name","track_uri","danceability","energy","key","loudness","mode","speechiness","acousticness","instrumentalness","liveness","valence","tempo","duration_ms","time_signature","key_mode","track_popularity","artist"
"1","09Nao8wNpzTz60nY8G2n7A","Transpiração Continua Prolongada","https://i.scdn.co/image/2754752aec1417fabc527daab398ee1acb810a01","1997",1997-01-01,54,"Tributo Ao Frango Da Malasia","6G3ejWxnAbCc5AAoaigLF4",0.514,0.466,"C#",-14.864,"major",0.123,0.907,0,0.951,0.856,126.553,25533,3,"C# major",1,"Charlie Brown Jr."
"2","09Nao8wNpzTz60nY8G2n7A","Transpiração Continua Prolongada","https://i.scdn.co/image/2754752aec1417fabc527daab398ee1acb810a01","1997",1997-01-01,54,"O Côro Vai Comê","3RRroToeh491CkWyqGLCEt",0.716,0.872,"C",-3.133,"minor",0.0437,0.0768,4.69e-05,0.34,0.972,147.644,141133,4,"C minor",56,"Charlie Brown Jr."
"3","09Nao8wNpzTz60nY8G2n7A","Transpiração Continua Prolongada","https://i.scdn.co/image/2754752aec1417fabc527daab398ee1acb810a01","1997",1997-01-01,54,"Tudo Que Ela Gosta de Escutar","3JBxvaIwVEpYtjpbt3ZjqD",0.859,0.662,"F",-2.611,"minor",0.0472,0.118,1.67e-05,0.0246,0.915,115.384,176067,4,"F minor",59,"Charlie Brown Jr."
"4","09Nao8wNpzTz60nY8G2n7A","Transpiração Continua Prolongada","https://i.scdn.co/image/2754752aec1417fabc527daab398ee1acb810a01","1997",1997-01-01,54,"Sheik","3hjotkIscst2YgMWujDJ3P",0.852,0.859,"A#",-3.214,"minor",0.0657,0.153,0.000921,0.136,0.914,108.344,171333,4,"A# minor",33,"Charlie Brown Jr."
"5","09Nao8wNpzTz60nY8G2n7A","Transpiração Continua Prolongada","https://i.scdn.co/image/2754752aec1417fabc527daab398ee1acb810a01","1997",1997-01-01,54,"Hei! Arreia... - Vinheta","6Wgaaf0PdnRmf6E8ENdqJ0",0.452,0.629,"E",-19.251,"major",0.197,0.469,0.00569,0.361,0.223,101.316,26533,4,"E major",0,"Charlie Brown Jr."
"6","09Nao8wNpzTz60nY8G2n7A","Transpiração Continua Prolongada","https://i.scdn.co/image/2754752aec1417fabc527daab398ee1acb810a01","1997",1997-01-01,54,"Gimme O Anel","2tqfqPGsrngNCqdTPpyCmT",0.748,0.741,"C#",-2.364,"major",0.0315,0.108,0.000569,0.0638,0.862,117.344,170000,4,"C# major",36,"Charlie Brown Jr."
"7","09Nao8wNpzTz60nY8G2n7A","Transpiração Continua Prolongada","https://i.scdn.co/image/2754752aec1417fabc527daab398ee1acb810a01","1997",1997-01-01,54,"Molengol's Groove","6S9ybelxcrLwRm5fKT4M1q",0.885,0.28,"A#",-19.344,"minor",0.455,0.818,0.845,0.112,0.572,99.903,53000,4,"A# minor",25,"Charlie Brown Jr."
"8","09Nao8wNpzTz60nY8G2n7A","Transpiração Continua Prolongada","https://i.scdn.co/image/2754752aec1417fabc527daab398ee1acb810a01","1997",1997-01-01,54,"Aquela Paz","7kCK7FazK6VbfEqtZ6CRa0",0.542,0.7,"B",-7.091,"major",0.0421,0.0722,0.00152,0.0991,0.666,91.26,182200,4,"B major",34,"Charlie Brown Jr."
"9","09Nao8wNpzTz60nY8G2n7A","Transpiração Continua Prolongada","https://i.scdn.co/image/2754752aec1417fabc527daab398ee1acb810a01","1997",1997-01-01,54,"Quinta-Feira","3wYFP2c1IPzUgtoZFLaQDb",0.724,0.646,"B",-4.495,"major",0.0658,0.0977,0.179,0.0647,0.824,143.674,290200,4,"B major",38,"Charlie Brown Jr."
"10","09Nao8wNpzTz60nY8G2n7A","Transpiração Continua Prolongada","https://i.scdn.co/image/2754752aec1417fabc527daab398ee1acb810a01","1997",1997-01-01,54,"Proibida Pra Mim (Grazon)","5HOkVB35cz5nK6ZeRj0xM6",0.57,0.93,"G#",-3.14,"major",0.0477,0.00606,0.00381,0.102,0.925,163.751,167933,4,"G# major",59,"Charlie Brown Jr."
"11","09Nao8wNpzTz60nY8G2n7A","Transpiração Continua Prolongada","https://i.scdn.co/image/2754752aec1417fabc527daab398ee1acb810a01","1997",1997-01-01,54,"Lombra","4H80DZdkLaKS98vEDU2hhn",0.574,0.967,"B",-3.371,"major",0.143,0.0652,2.88e-06,0.354,0.66,166.038,191627,4,"B major",29,"Charlie Brown Jr."
"12","09Nao8wNpzTz60nY8G2n7A","Transpiração Continua Prolongada","https://i.scdn.co/image/2754752aec1417fabc527daab398ee1acb810a01","1997",1997-01-01,54,"Corra Vagabundo","1Ea7KlAIUYcXfSXuvDWOIb",0.63,0.884,"G#",-4.617,"major",0.0723,0.00474,0.0949,0.221,0.437,91.107,215467,4,"G# major",31,"Charlie Brown Jr."
"13","09Nao8wNpzTz60nY8G2n7A","Transpiração Continua Prolongada","https://i.scdn.co/image/2754752aec1417fabc527daab398ee1acb810a01","1997",1997-01-01,54,"Falar, Falar","56XzcImxR8EkD26T9Fjqkg",0.705,0.933,"C#",-3.159,"major",0.0682,0.0146,0,0.09,0.707,99.077,167307,4,"C# major",26,"Charlie Brown Jr."
"14","09Nao8wNpzTz60nY8G2n7A","Transpiração Continua Prolongada","https://i.scdn.co/image/2754752aec1417fabc527daab398ee1acb810a01","1997",1997-01-01,54,"Festa","2ihGrqxNfFj6GTbQdFPmOy",0.708,0.894,"B",-4.507,"minor",0.0938,0.0312,0.000374,0.0449,0.813,103.157,171693,4,"B minor",26,"Charlie Brown Jr."
"15","09Nao8wNpzTz60nY8G2n7A","Transpiração Continua Prolongada","https://i.scdn.co/image/2754752aec1417fabc527daab398ee1acb810a01","1997",1997-01-01,54,"Escalas Tropicais","5Ou9zuFtgccUj1YkAa9N3v",0.688,0.962,"G#",-2.194,"major",0.0872,0.0191,7.15e-06,0.0771,0.657,102.177,128573,4,"G# major",25,"Charlie Brown Jr."
"16","09Nao8wNpzTz60nY8G2n7A","Transpiração Continua Prolongada","https://i.scdn.co/image/2754752aec1417fabc527daab398ee1acb810a01","1997",1997-01-01,54,"Charlie Brown Jr.","0EfdF8WWM6tSCM9V04fnKv",0.705,0.953,"C#",-3.128,"major",0.149,0.038,0,0.0586,0.633,108.243,192000,4,"C# major",35,"Charlie Brown Jr."
"17","2hLNxoJZ5kZoBEX0XGBRNu","Preço Curto, Prazo Longo","https://i.scdn.co/image/1d3b46bc5f22c95f663ea010cd0458998dc78892","1999-01-05",1999-01-05,56,"Confisco","0qhwZ19NLe1FpQSmb4ZZau",0.824,0.989,"F#",-3.149,"minor",0.255,0.0747,0.000139,0.0858,0.515,116.033,178867,4,"F# minor",37,"Charlie Brown Jr."
"18","2hLNxoJZ5kZoBEX0XGBRNu","Preço Curto, Prazo Longo","https://i.scdn.co/image/1d3b46bc5f22c95f663ea010cd0458998dc78892","1999-01-05",1999-01-05,56,"Zoio De Lula","0AsfpL8bzbmEyJsfbPPYnj",0.682,0.674,"G#",-3.595,"minor",0.0803,0.122,7.06e-06,0.0612,0.883,152.132,252227,4,"G# minor",64,"Charlie Brown Jr."
"19","2hLNxoJZ5kZoBEX0XGBRNu","Preço Curto, Prazo Longo","https://i.scdn.co/image/1d3b46bc5f22c95f663ea010cd0458998dc78892","1999-01-05",1999-01-05,56,"Resolve O Meu Problema Aí","6uuCKMm1Q18KDoiS89aOgA",0.34,0.997,"B",-1.749,"major",0.183,0.0403,0.00036,0.314,0.348,155.191,179507,3,"B major",33,"Charlie Brown Jr."
"20","2hLNxoJZ5kZoBEX0XGBRNu","Preço Curto, Prazo Longo","https://i.scdn.co/image/1d3b46bc5f22c95f663ea010cd0458998dc78892","1999-01-05",1999-01-05,56,"Te Levar Daqui","0PlE0Lh9wcuh9G9uMmZvZC",0.604,0.974,"C#",-2.209,"major",0.107,0.00222,8.42e-05,0.314,0.493,116.983,184867,4,"C# major",55,"Charlie Brown Jr."
"21","2hLNxoJZ5kZoBEX0XGBRNu","Preço Curto, Prazo Longo","https://i.scdn.co/image/1d3b46bc5f22c95f663ea010cd0458998dc78892","1999-01-05",1999-01-05,56,"Vinheta: O Que É Da Casa, É Da Casa","7lW2ASyqIW7DuXoWwh7fmb",0.726,0.914,"C#",-8.996,"major",0.107,0.67,1.21e-06,0.117,0.946,127.822,61027,4,"C# major",32,"Charlie Brown Jr."
"22","2hLNxoJZ5kZoBEX0XGBRNu","Preço Curto, Prazo Longo","https://i.scdn.co/image/1d3b46bc5f22c95f663ea010cd0458998dc78892","1999-01-05",1999-01-05,56,"O Preço","7vI40WHmFdHvs0j78EtWSU",0.621,0.858,"D#",-3.705,"minor",0.0787,0.743,0,0.129,0.374,150.01,210667,4,"D# minor",44,"Charlie Brown Jr."
"23","2hLNxoJZ5kZoBEX0XGBRNu","Preço Curto, Prazo Longo","https://i.scdn.co/image/1d3b46bc5f22c95f663ea010cd0458998dc78892","1999-01-05",1999-01-05,56,"Não Deixe O Mar Te Engolir","13ngzqLaMikTeh1BfUsCmS",0.471,0.756,"G#",-4.5,"major",0.0727,0.0178,0.00096,0.0568,0.463,156,309440,4,"G# major",54,"Charlie Brown Jr."
"24","2hLNxoJZ5kZoBEX0XGBRNu","Preço Curto, Prazo Longo","https://i.scdn.co/image/1d3b46bc5f22c95f663ea010cd0458998dc78892","1999-01-05",1999-01-05,56,"Hoje De Noite","2GHBe8pqsAp0CE3sPRhSO9",0.713,0.871,"B",-4.211,"major",0.0347,0.103,0.000108,0.254,0.614,120.119,160960,4,"B major",35,"Charlie Brown Jr."
"25","2hLNxoJZ5kZoBEX0XGBRNu","Preço Curto, Prazo Longo","https://i.scdn.co/image/1d3b46bc5f22c95f663ea010cd0458998dc78892","1999-01-05",1999-01-05,56,"Bons Aliados","1Bhx7ZIJJwdYwS1mQmQYO1",0.421,0.96,"F#",-2.877,"major",0.138,0.0129,4.34e-05,0.0406,0.858,91.086,144773,4,"F# major",29,"Charlie Brown Jr."
"26","2hLNxoJZ5kZoBEX0XGBRNu","Preço Curto, Prazo Longo","https://i.scdn.co/image/1d3b46bc5f22c95f663ea010cd0458998dc78892","1999-01-05",1999-01-05,56,"O Puxa Carro","3FNraiNIVKcEEWBtQmzFQA",0.477,0.923,"A#",-3.944,"minor",0.121,0.0473,0.00119,0.0584,0.742,152.842,173560,4,"A# minor",30,"Charlie Brown Jr."
"27","2hLNxoJZ5kZoBEX0XGBRNu","Preço Curto, Prazo Longo","https://i.scdn.co/image/1d3b46bc5f22c95f663ea010cd0458998dc78892","1999-01-05",1999-01-05,56,"Vinheta: União / Fogo Na Bomba","79b86R6SUxvGCZbaa1ktnI",0.803,0.785,"G#",-7.538,"major",0.514,0.634,0,0.0438,0.906,80.063,179640,4,"G# major",34,"Charlie Brown Jr."
"28","2hLNxoJZ5kZoBEX0XGBRNu","Preço Curto, Prazo Longo","https://i.scdn.co/image/1d3b46bc5f22c95f663ea010cd0458998dc78892","1999-01-05",1999-01-05,56,"Aquele Velho Carteado E Algumas Manobrinhas","5JxAcWv2IAOCMCHEp8iaXm",0.606,0.97,"C#",-2.024,"major",0.0727,0.117,0.000144,0.0572,0.822,164.184,155333,4,"C# major",30,"Charlie Brown Jr."
"29","2hLNxoJZ5kZoBEX0XGBRNu","Preço Curto, Prazo Longo","https://i.scdn.co/image/1d3b46bc5f22c95f663ea010cd0458998dc78892","1999-01-05",1999-01-05,56,"333","2UwYV9ckcBRZUJ7owav1ci",0.605,0.946,"G#",-2.408,"major",0.0663,0.092,0,0.356,0.702,124,148133,4,"G# major",33,"Charlie Brown Jr."
"30","2hLNxoJZ5kZoBEX0XGBRNu","Preço Curto, Prazo Longo","https://i.scdn.co/image/1d3b46bc5f22c95f663ea010cd0458998dc78892","1999-01-05",1999-01-05,56,"Mantenha A Dúvida E Espere Até Ouvir Falar De Nós","2bR7PRHMdePRvBk83nWEfa",0.266,0.981,"F#",-2.887,"major",0.165,0.0137,0.00262,0.316,0.603,155.253,184027,4,"F# major",33,"Charlie Brown Jr."
"31","2hLNxoJZ5kZoBEX0XGBRNu","Preço Curto, Prazo Longo","https://i.scdn.co/image/1d3b46bc5f22c95f663ea010cd0458998dc78892","1999-01-05",1999-01-05,56,"Do Surf","5mHAWhroHqrIQYQ849tK0I",0.531,0.983,"B",-2.298,"major",0.0685,1.22e-05,0.9,0.419,0.345,100.988,115333,4,"B major",29,"Charlie Brown Jr."
"32","2hLNxoJZ5kZoBEX0XGBRNu","Preço Curto, Prazo Longo","https://i.scdn.co/image/1d3b46bc5f22c95f663ea010cd0458998dc78892","1999-01-05",1999-01-05,56,"Estória Mal Escrita","5ntvCSu8BcXib0m7OCG4Uz",0.606,0.971,"A#",-3.369,"minor",0.0634,0.00171,0.00527,0.257,0.659,106.402,242600,4,"A# minor",29,"Charlie Brown Jr."
"33","2hLNxoJZ5kZoBEX0XGBRNu","Preço Curto, Prazo Longo","https://i.scdn.co/image/1d3b46bc5f22c95f663ea010cd0458998dc78892","1999-01-05",1999-01-05,56,"Chicanos (Skate Nos Canos)","3sbcSYSanMnZ2Nmw6zVc8a",0.745,0.629,"G#",-11.391,"major",0.0612,0.27,0.868,0.164,0.768,93.098,84173,4,"G# major",28,"Charlie Brown Jr."
"34","2hLNxoJZ5kZoBEX0XGBRNu","Preço Curto, Prazo Longo","https://i.scdn.co/image/1d3b46bc5f22c95f663ea010cd0458998dc78892","1999-01-05",1999-01-05,56,"A Grande Volta","2leSRFcnCKlMFvUzGr1VFB",0.581,0.978,"C#",-2.273,"major",0.134,0.0543,5.28e-05,0.286,0.947,172.645,139200,4,"C# major",31,"Charlie Brown Jr."
"35","2hLNxoJZ5kZoBEX0XGBRNu","Preço Curto, Prazo Longo","https://i.scdn.co/image/1d3b46bc5f22c95f663ea010cd0458998dc78892","1999-01-05",1999-01-05,56,"Cruzei Uma Doida","6BYUJz86Lu34PVOZB2n3YR",0.301,0.991,"C#",-2.952,"major",0.154,0.00239,0.00879,0.321,0.473,167.192,105627,4,"C# major",30,"Charlie Brown Jr."
"36","2hLNxoJZ5kZoBEX0XGBRNu","Preço Curto, Prazo Longo","https://i.scdn.co/image/1d3b46bc5f22c95f663ea010cd0458998dc78892","1999-01-05",1999-01-05,56,"12+1 (Doze Mais Um)","5Q9TMnIRV7f92UoYeVAXxR",0.749,0.845,"C#",-3.722,"major",0.282,0.489,3.41e-05,0.0446,0.663,90.076,181000,4,"C# major",29,"Charlie Brown Jr."
"37","5eF1HzO5mIQxs7bCwW9TJC","Nadando Com Os Tubarões","https://i.scdn.co/image/aaf452a7d646b6f50b1a36a1b94fd8bfe914b449","2000",2000-01-01,44,"Rubão - o Dono do Mundo","201AtbXVYC48kdfzZVBMtn",0.621,0.995,"C#",-3.164,"major",0.0773,0.00295,0.545,0.068,0.525,91.009,134800,4,"C# major",54,"Charlie Brown Jr."
"38","5eF1HzO5mIQxs7bCwW9TJC","Nadando Com Os Tubarões","https://i.scdn.co/image/aaf452a7d646b6f50b1a36a1b94fd8bfe914b449","2000",2000-01-01,44,"Rale","214U8oGLlBQF8ACr6auqm1",0.7,0.959,"G#",-2.744,"major",0.0507,0.0199,4.79e-05,0.0639,0.655,119.332,195667,4,"G# major",30,"Charlie Brown Jr."
"39","5eF1HzO5mIQxs7bCwW9TJC","Nadando Com Os Tubarões","https://i.scdn.co/image/aaf452a7d646b6f50b1a36a1b94fd8bfe914b449","2000",2000-01-01,44,"O Penetra","4Zlw0SGUtUwJaPBo7hhgBH",0.625,0.985,"C#",-3.774,"minor",0.0565,0.00418,0.000433,0.151,0.723,95.153,193333,4,"C# minor",32,"Charlie Brown Jr."
"40","5eF1HzO5mIQxs7bCwW9TJC","Nadando Com Os Tubarões","https://i.scdn.co/image/aaf452a7d646b6f50b1a36a1b94fd8bfe914b449","2000",2000-01-01,44,"Tudo Mudar","7KTLlcjpRUzLLEngFaj0NZ",0.488,0.833,"G#",-4.47,"major",0.107,0.00619,0,0.0935,0.812,91.372,134027,4,"G# major",39,"Charlie Brown Jr."
"41","5eF1HzO5mIQxs7bCwW9TJC","Nadando Com Os Tubarões","https://i.scdn.co/image/aaf452a7d646b6f50b1a36a1b94fd8bfe914b449","2000",2000-01-01,44,"Fichado","5ntLArJtXrJmv8tzlLLP0h",0.43,0.992,"F#",-3.356,"minor",0.22,0.0418,0,0.33,0.565,108.74,189307,4,"F# minor",29,"Charlie Brown Jr."
"42","5eF1HzO5mIQxs7bCwW9TJC","Nadando Com Os Tubarões","https://i.scdn.co/image/aaf452a7d646b6f50b1a36a1b94fd8bfe914b449","2000",2000-01-01,44,"Ouviu-Se Falar - Extra - Turne Internacional","74cr9tXA7jk1KY1QkA0VFD",0.335,0.95,"C#",-5.626,"minor",0.28,0.00377,1.22e-05,0.119,0.312,89.384,192067,4,"C# minor",30,"Charlie Brown Jr."
"43","5eF1HzO5mIQxs7bCwW9TJC","Nadando Com Os Tubarões","https://i.scdn.co/image/aaf452a7d646b6f50b1a36a1b94fd8bfe914b449","2000",2000-01-01,44,"Amor Pelas Ruas","0TkQ0UCHnWk37IxRN75itg",0.338,0.639,"C#",-12.838,"major",0.0402,0.0221,0.947,0.0781,0.809,180.891,117693,4,"C# major",25,"Charlie Brown Jr."
"44","5eF1HzO5mIQxs7bCwW9TJC","Nadando Com Os Tubarões","https://i.scdn.co/image/aaf452a7d646b6f50b1a36a1b94fd8bfe914b449","2000",2000-01-01,44,"Essa É Por Quem Ficou Pra Trás","3LEKCIZL576hRFNrcmQq1q",0.329,0.997,"G#",-3.141,"major",0.391,0.0188,1.06e-06,0.31,0.111,91.876,217040,4,"G# major",29,"Charlie Brown Jr."
"45","5eF1HzO5mIQxs7bCwW9TJC","Nadando Com Os Tubarões","https://i.scdn.co/image/aaf452a7d646b6f50b1a36a1b94fd8bfe914b449","2000",2000-01-01,44,"Transar No Escuro","0JPesMURlkeCSWDB9kPm9p",0.336,0.968,"A",-5.175,"major",0.051,0.000416,0.000677,0.428,0.555,170.03,183160,4,"A major",33,"Charlie Brown Jr."
"46","5eF1HzO5mIQxs7bCwW9TJC","Nadando Com Os Tubarões","https://i.scdn.co/image/aaf452a7d646b6f50b1a36a1b94fd8bfe914b449","2000",2000-01-01,44,"Fundão - Instrumental","5Fkp2d7qmzvfBRVCyl1ZrQ",0.586,0.847,"C",-10.655,"minor",0.03,0.0525,0.931,0.226,0.968,112.527,117867,5,"C minor",25,"Charlie Brown Jr."
"47","5eF1HzO5mIQxs7bCwW9TJC","Nadando Com Os Tubarões","https://i.scdn.co/image/aaf452a7d646b6f50b1a36a1b94fd8bfe914b449","2000",2000-01-01,44,"Talvez A Metade Do Caminho","0ehtFnPWJIYVwZhca6GBu5",0.56,0.972,"G#",-4.457,"major",0.0666,0.00408,0,0.245,0.587,92.125,182973,4,"G# major",29,"Charlie Brown Jr."
"48","5eF1HzO5mIQxs7bCwW9TJC","Nadando Com Os Tubarões","https://i.scdn.co/image/aaf452a7d646b6f50b1a36a1b94fd8bfe914b449","2000",2000-01-01,44,"Pra Mais Tarde Fazermos A Cabeça","5bW5BtZD24h2zAAaFKet2M",0.617,0.823,"C#",-4.782,"major",0.172,0.407,0,0.0955,0.821,80.245,180960,4,"C# major",33,"Charlie Brown Jr."
"49","5eF1HzO5mIQxs7bCwW9TJC","Nadando Com Os Tubarões","https://i.scdn.co/image/aaf452a7d646b6f50b1a36a1b94fd8bfe914b449","2000",2000-01-01,44,"No Desafino, Ibiraboys / A União Prevalece / Música Incidental: A Bola Do Mundo","6JR2s0GuO4W0VvDIR8gchU",0.627,0.822,"G#",-7.492,"major",0.563,0.425,2.89e-06,0.076,0.882,92.05,230440,4,"G# major",25,"Charlie Brown Jr."
"50","5eF1HzO5mIQxs7bCwW9TJC","Nadando Com Os Tubarões","https://i.scdn.co/image/aaf452a7d646b6f50b1a36a1b94fd8bfe914b449","2000",2000-01-01,44,"Trocando Uma Idéia Com Deus","7lWeI7RQlHVeNtVldBgl3b",0.445,0.443,"C#",-16.613,"major",0.555,0.784,0.00147,0.565,0.486,167.78,181427,4,"C# major",24,"Charlie Brown Jr."
"51","0Dcy3ThOh8LS1qhXUbZWH7","100% Charlie Brown Jr - Abalando A Sua Fábrica","https://i.scdn.co/image/d9a3205a8a401fc09646d6a8d6f7d01a726d1bc5","2001",2001-01-01,54,"Eu Protesto","4HRHLsw2kVwLPiapI4bhcr",0.317,0.82,"F#",-7.013,"major",0.0684,0.00506,0.000137,0.266,0.695,170.124,266467,4,"F# major",35,"Charlie Brown Jr."
"52","0Dcy3ThOh8LS1qhXUbZWH7","100% Charlie Brown Jr - Abalando A Sua Fábrica","https://i.scdn.co/image/d9a3205a8a401fc09646d6a8d6f7d01a726d1bc5","2001",2001-01-01,54,"Hoje Eu Acordei Feliz","2F1rZ1jDxJxH3tF392jTqp",0.333,0.956,"D",-6.105,"major",0.0675,0.00173,0.0301,0.28,0.69,129.68,137960,4,"D major",54,"Charlie Brown Jr."
"53","0Dcy3ThOh8LS1qhXUbZWH7","100% Charlie Brown Jr - Abalando A Sua Fábrica","https://i.scdn.co/image/d9a3205a8a401fc09646d6a8d6f7d01a726d1bc5","2001",2001-01-01,54,"Sino Dourado","2uPj5P2UgJtOusMpnsfN8Q",0.48,0.781,"G#",-7.59,"major",0.398,0.215,0,0.244,0.43,148.236,161400,4,"G# major",39,"Charlie Brown Jr."
"54","0Dcy3ThOh8LS1qhXUbZWH7","100% Charlie Brown Jr - Abalando A Sua Fábrica","https://i.scdn.co/image/d9a3205a8a401fc09646d6a8d6f7d01a726d1bc5","2001",2001-01-01,54,"Quebra-Mar","2IpyGcvQ2sBAd2AmJ1mbIC",0.157,0.985,"A#",-4.195,"minor",0.315,0.00453,0.056,0.155,0.411,177.08,177200,4,"A# minor",37,"Charlie Brown Jr."
"55","0Dcy3ThOh8LS1qhXUbZWH7","100% Charlie Brown Jr - Abalando A Sua Fábrica","https://i.scdn.co/image/d9a3205a8a401fc09646d6a8d6f7d01a726d1bc5","2001",2001-01-01,54,"Lugar Ao Sol","4gEFeIEORz8thfqMY7nKcb",0.418,0.768,"A#",-6.908,"major",0.0306,0.0427,0.537,0.275,0.296,141.371,212600,4,"A# major",61,"Charlie Brown Jr."
"56","0Dcy3ThOh8LS1qhXUbZWH7","100% Charlie Brown Jr - Abalando A Sua Fábrica","https://i.scdn.co/image/d9a3205a8a401fc09646d6a8d6f7d01a726d1bc5","2001",2001-01-01,54,"Descubra O Que Há De Errado Com Você","2IdFCGg70vpQbQL0hJmM2L",0.437,0.982,"G#",-6.903,"major",0.0856,0.0664,0.823,0.297,0.478,127.295,98973,4,"G# major",34,"Charlie Brown Jr."
"57","0Dcy3ThOh8LS1qhXUbZWH7","100% Charlie Brown Jr - Abalando A Sua Fábrica","https://i.scdn.co/image/d9a3205a8a401fc09646d6a8d6f7d01a726d1bc5","2001",2001-01-01,54,"Só Lazer","4EtjLlwM4T1T2fBAGxwql8",0.274,0.764,"B",-6.881,"major",0.0702,0.00448,3.28e-05,0.389,0.583,166.205,178227,4,"B major",34,"Charlie Brown Jr."
"58","0Dcy3ThOh8LS1qhXUbZWH7","100% Charlie Brown Jr - Abalando A Sua Fábrica","https://i.scdn.co/image/d9a3205a8a401fc09646d6a8d6f7d01a726d1bc5","2001",2001-01-01,54,"Você Vai De Limusine, Eu Vou De Trem","24POLNX0OpqDtFDYHJ4WlX",0.155,0.916,"C#",-6.783,"major",0.0846,0.00191,0.0231,0.0984,0.595,164.085,177533,4,"C# major",35,"Charlie Brown Jr."
"59","0Dcy3ThOh8LS1qhXUbZWH7","100% Charlie Brown Jr - Abalando A Sua Fábrica","https://i.scdn.co/image/d9a3205a8a401fc09646d6a8d6f7d01a726d1bc5","2001",2001-01-01,54,"O Lado Certo Da Vida Errada","2kSVFwasTpmnGoUMwRm0ZM",0.487,0.98,"G#",-5.269,"major",0.0981,0.00302,0.00116,0.0793,0.713,134.108,109973,4,"G# major",32,"Charlie Brown Jr."
"60","0Dcy3ThOh8LS1qhXUbZWH7","100% Charlie Brown Jr - Abalando A Sua Fábrica","https://i.scdn.co/image/d9a3205a8a401fc09646d6a8d6f7d01a726d1bc5","2001",2001-01-01,54,"T.F.D.P.","69NqhF0DCq2rhGSpe1ao7V",0.36,0.979,"G#",-5.528,"major",0.0705,3.6e-05,0.678,0.238,0.229,94.038,171867,4,"G# major",29,"Charlie Brown Jr."
"61","0Dcy3ThOh8LS1qhXUbZWH7","100% Charlie Brown Jr - Abalando A Sua Fábrica","https://i.scdn.co/image/d9a3205a8a401fc09646d6a8d6f7d01a726d1bc5","2001",2001-01-01,54,"Tudo Pro Alto","7sC2sL3Q5cZswDQJfnlfOt",0.215,0.945,"A#",-7.201,"minor",0.0798,0.000639,0.453,0.204,0.603,179.079,203093,4,"A# minor",38,"Charlie Brown Jr."
"62","0Dcy3ThOh8LS1qhXUbZWH7","100% Charlie Brown Jr - Abalando A Sua Fábrica","https://i.scdn.co/image/d9a3205a8a401fc09646d6a8d6f7d01a726d1bc5","2001",2001-01-01,54,"Como Tudo Deve Ser","3QI5bIozef0HZ1kJnA2RdT",0.523,0.489,"C#",-10.043,"minor",0.0301,0.352,0.24,0.108,0.325,77.37,273040,4,"C# minor",57,"Charlie Brown Jr."
"63","1FsdTRaD7Ec15uKh71PhkE","Bocas Ordinárias","https://i.scdn.co/image/500dbfefc22b0bf1666b45f29466cfff52814574","2002",2002-01-01,52,"Papo Reto (Prazer É Sexo o Resto É Negócio)","0B5nSzWGWwvYbKl3GvCMuZ",0.637,0.987,"C#",-2.755,"major",0.0679,0.00183,2.46e-06,0.118,0.546,101.042,211000,4,"C# major",56,"Charlie Brown Jr."
"64","1FsdTRaD7Ec15uKh71PhkE","Bocas Ordinárias","https://i.scdn.co/image/500dbfefc22b0bf1666b45f29466cfff52814574","2002",2002-01-01,52,"Hoje Eu Só Procuro A Minha Paz","7Fhr46PhABM7LdDVLeucUP",0.532,0.94,"G#",-3.473,"major",0.144,0.0107,0,0.108,0.624,174.106,252547,4,"G# major",38,"Charlie Brown Jr."
"65","1FsdTRaD7Ec15uKh71PhkE","Bocas Ordinárias","https://i.scdn.co/image/500dbfefc22b0bf1666b45f29466cfff52814574","2002",2002-01-01,52,"Baader-Meinhof Blues","4KFiKftb5VEQwUHCwB25q7",0.567,0.991,"A",-3.587,"major",0.0683,0.000293,4.17e-05,0.147,0.491,115.041,172640,4,"A major",31,"Charlie Brown Jr."
"66","1FsdTRaD7Ec15uKh71PhkE","Bocas Ordinárias","https://i.scdn.co/image/500dbfefc22b0bf1666b45f29466cfff52814574","2002",2002-01-01,52,"Só Por Uma Noite","3FXo3xKG3aYV3hvdRzUY61",0.574,0.964,"E",-2.745,"major",0.0458,0.000382,0.0045,0.0578,0.644,109.037,203373,4,"E major",61,"Charlie Brown Jr."
"67","1FsdTRaD7Ec15uKh71PhkE","Bocas Ordinárias","https://i.scdn.co/image/500dbfefc22b0bf1666b45f29466cfff52814574","2002",2002-01-01,52,"My Mini Ramp","2lePbD1ai3Oe02rd9nmxCV",0.448,0.999,"G#",-3.334,"major",0.0915,3.98e-05,0.013,0.373,0.308,132.018,132587,4,"G# major",29,"Charlie Brown Jr."
"68","1FsdTRaD7Ec15uKh71PhkE","Bocas Ordinárias","https://i.scdn.co/image/500dbfefc22b0bf1666b45f29466cfff52814574","2002",2002-01-01,52,"Bocas Ordinárias, Guerrilhas - Extra - Turne Internacional","7y8zTRFIaJmVLLBuwRyovA",0.485,0.992,"C#",-2.973,"major",0.0711,0.000173,0.00227,0.0276,0.673,163.943,256640,4,"C# major",31,"Charlie Brown Jr."
"69","1FsdTRaD7Ec15uKh71PhkE","Bocas Ordinárias","https://i.scdn.co/image/500dbfefc22b0bf1666b45f29466cfff52814574","2002",2002-01-01,52,"Não Fure Os Olhos Da Verdade","4a3fwhfIVajHc33WUDp2C3",0.521,0.981,"C#",-4.145,"major",0.0493,7.8e-05,0.00389,0.114,0.668,88.049,167560,4,"C# major",30,"Charlie Brown Jr."
"70","1FsdTRaD7Ec15uKh71PhkE","Bocas Ordinárias","https://i.scdn.co/image/500dbfefc22b0bf1666b45f29466cfff52814574","2002",2002-01-01,52,"Sou Quem Eu Sou (O Que É Seu Também É Meu E O Que É Meu Não É Nosso)","0PrYI2vf1J4PZkYPOgIfXk",0.506,0.989,"F#",-2.125,"major",0.151,0.000878,0,0.157,0.5,179.967,199973,4,"F# major",32,"Charlie Brown Jr."
"71","1FsdTRaD7Ec15uKh71PhkE","Bocas Ordinárias","https://i.scdn.co/image/500dbfefc22b0bf1666b45f29466cfff52814574","2002",2002-01-01,52,"Com Minha Loucura Faço meu Dinheiro, Com Meu Dinheiro Faço Minhas Loucras","6QAPIA2V5tEt5IO2RBKaw9",0.508,0.991,"G#",-1.888,"major",0.074,0.00265,3.07e-05,0.108,0.693,172.03,148653,4,"G# major",30,"Charlie Brown Jr."
"72","1FsdTRaD7Ec15uKh71PhkE","Bocas Ordinárias","https://i.scdn.co/image/500dbfefc22b0bf1666b45f29466cfff52814574","2002",2002-01-01,52,"Somos Poucos Mas Somos Loucos","48LSzryqsS0K3oNJKwBtEP",0.644,0.896,"C#",-5.912,"major",0.104,0.0656,0.000133,0.0838,0.596,98.087,330747,4,"C# major",34,"Charlie Brown Jr."
"73","1FsdTRaD7Ec15uKh71PhkE","Bocas Ordinárias","https://i.scdn.co/image/500dbfefc22b0bf1666b45f29466cfff52814574","2002",2002-01-01,52,"Com A Boca Amargando","3kpb5J9ziQnMVAV5zFlRri",0.615,0.966,"A#",-3.868,"minor",0.137,0.00268,2e-06,0.192,0.364,92.502,304227,4,"A# minor",29,"Charlie Brown Jr."
"74","1FsdTRaD7Ec15uKh71PhkE","Bocas Ordinárias","https://i.scdn.co/image/500dbfefc22b0bf1666b45f29466cfff52814574","2002",2002-01-01,52,"Tarja Preta","45gvjBMlTlkGZsf1wkOeri",0.55,0.995,"F#",-2.952,"major",0.183,0.00182,0.000443,0.0894,0.204,114.673,166280,3,"F# major",28,"Charlie Brown Jr."
"75","0AFkktyrrPtQvpIBqpRrc7","Acústico (Ao Vivo)","https://i.scdn.co/image/ae118809211bc5e5f7dfdf88af3612fa70d647cb","2003-01-06",2003-01-06,52,"Quebra-Mar - Ao Vivo","4C85gHC79DoWJ9mitpFGjo",0.382,0.971,"F#",-5.082,"major",0.0777,0.149,0.0236,0.857,0.659,174.209,113893,4,"F# major",46,"Charlie Brown Jr."
"76","0AFkktyrrPtQvpIBqpRrc7","Acústico (Ao Vivo)","https://i.scdn.co/image/ae118809211bc5e5f7dfdf88af3612fa70d647cb","2003-01-06",2003-01-06,52,"O Que É Da Casa, É Da Casa / Papo Reto (Prazer É Sexo O Resto É Negocio) - Ao Vivo","6UBSmORaOAviaRrMEZRNH9",0.456,0.976,"F#",-5.093,"major",0.0941,0.0126,0.000281,0.669,0.593,100.285,272000,4,"F# major",44,"Charlie Brown Jr."
"77","0AFkktyrrPtQvpIBqpRrc7","Acústico (Ao Vivo)","https://i.scdn.co/image/ae118809211bc5e5f7dfdf88af3612fa70d647cb","2003-01-06",2003-01-06,52,"Zoio De Lula - Ao Vivo","2QGuFhaQDrGKqtkOgItDJS",0.636,0.858,"C#",-5.496,"minor",0.0427,0.0538,9.09e-06,0.552,0.877,88.147,224973,4,"C# minor",45,"Charlie Brown Jr."
"78","0AFkktyrrPtQvpIBqpRrc7","Acústico (Ao Vivo)","https://i.scdn.co/image/ae118809211bc5e5f7dfdf88af3612fa70d647cb","2003-01-06",2003-01-06,52,"Vícios E Virtudes - Ao Vivo","3oBXDZlUkqX8BU88YXhzfy",0.383,0.943,"G#",-6.305,"major",0.0868,0.029,0.000686,0.991,0.627,91.908,189933,4,"G# major",46,"Charlie Brown Jr."
"79","0AFkktyrrPtQvpIBqpRrc7","Acústico (Ao Vivo)","https://i.scdn.co/image/ae118809211bc5e5f7dfdf88af3612fa70d647cb","2003-01-06",2003-01-06,52,"Hoje - Ao Vivo","31uiFApsv5BVunx9bypX6u",0.598,0.967,"G#",-6.067,"major",0.0736,0.0191,1.12e-05,0.849,0.439,114.01,262533,4,"G# major",43,"Charlie Brown Jr."
"80","0AFkktyrrPtQvpIBqpRrc7","Acústico (Ao Vivo)","https://i.scdn.co/image/ae118809211bc5e5f7dfdf88af3612fa70d647cb","2003-01-06",2003-01-06,52,"O Preço - Ao Vivo","2HegWuw33lBqopjopozt7N",0.371,0.955,"D#",-5.825,"minor",0.183,0.0753,0.000199,0.728,0.513,167.18,193933,4,"D# minor",46,"Charlie Brown Jr."
"81","0AFkktyrrPtQvpIBqpRrc7","Acústico (Ao Vivo)","https://i.scdn.co/image/ae118809211bc5e5f7dfdf88af3612fa70d647cb","2003-01-06",2003-01-06,52,"Tudo Pro Alto - Ao Vivo","6ZkeNE5zlcl13PbnzXdw38",0.472,0.984,"A#",-5.517,"minor",0.0693,0.0205,0.000368,0.704,0.721,92.685,184093,4,"A# minor",44,"Charlie Brown Jr."
"82","0AFkktyrrPtQvpIBqpRrc7","Acústico (Ao Vivo)","https://i.scdn.co/image/ae118809211bc5e5f7dfdf88af3612fa70d647cb","2003-01-06",2003-01-06,52,"Não Uso Sapato - Ao Vivo","3KacKHM31tpKgurDcoXdSX",0.45,0.981,"F#",-5.101,"major",0.081,0.00156,0.000267,0.766,0.706,98.488,172800,4,"F# major",45,"Charlie Brown Jr."
"83","0AFkktyrrPtQvpIBqpRrc7","Acústico (Ao Vivo)","https://i.scdn.co/image/ae118809211bc5e5f7dfdf88af3612fa70d647cb","2003-01-06",2003-01-06,52,"O Coro Vai Come - Ao Vivo","3QoydK0LFOpK0JnfIpCffR",0.514,0.976,"C",-5.296,"minor",0.0584,0.0248,0.0297,0.757,0.916,173.02,128107,4,"C minor",42,"Charlie Brown Jr."
"84","0AFkktyrrPtQvpIBqpRrc7","Acústico (Ao Vivo)","https://i.scdn.co/image/ae118809211bc5e5f7dfdf88af3612fa70d647cb","2003-01-06",2003-01-06,52,"Tudo Que Ela Gosta De Escutar - Ao Vivo","7dZq3hxakgytMDpxK0QNhR",0.514,0.885,"F",-5.207,"minor",0.0741,0.0319,0.00105,0.69,0.72,122.728,190960,4,"F minor",43,"Charlie Brown Jr."
"85","0AFkktyrrPtQvpIBqpRrc7","Acústico (Ao Vivo)","https://i.scdn.co/image/ae118809211bc5e5f7dfdf88af3612fa70d647cb","2003-01-06",2003-01-06,52,"Não É Sério - Ao Vivo","2Y9Ej3hWvmKaAcB1IamfnX",0.492,0.898,"D#",-6.398,"minor",0.0538,0.0625,0,0.746,0.622,98.444,320333,4,"D# minor",43,"Charlie Brown Jr."
"86","0AFkktyrrPtQvpIBqpRrc7","Acústico (Ao Vivo)","https://i.scdn.co/image/ae118809211bc5e5f7dfdf88af3612fa70d647cb","2003-01-06",2003-01-06,52,"Vinheta: Beat Box II / Como Tudo Deve Ser - Ao Vivo","2hRNxkgCScd5yxbTsrGQR4",0.552,0.605,"C#",-10.34,"minor",0.0554,0.226,1.08e-05,0.994,0.767,81.005,282333,4,"C# minor",43,"Charlie Brown Jr."
"87","0AFkktyrrPtQvpIBqpRrc7","Acústico (Ao Vivo)","https://i.scdn.co/image/ae118809211bc5e5f7dfdf88af3612fa70d647cb","2003-01-06",2003-01-06,52,"A Banca (Ratatá É Bicho Solto) - Ao Vivo","2VTgVKaabe96ezuyDW5ugq",0.727,0.902,"B",-5.077,"minor",0.202,0.531,0,0.844,0.846,109.079,240200,4,"B minor",41,"Charlie Brown Jr."
"88","0AFkktyrrPtQvpIBqpRrc7","Acústico (Ao Vivo)","https://i.scdn.co/image/ae118809211bc5e5f7dfdf88af3612fa70d647cb","2003-01-06",2003-01-06,52,"Samba Makossa / Citação Trecho Incidental: Monólogo Ao Pé Do Ouvido / Citação Trecho Incidental: Queimando Tudo - Ao Vivo","2pT4QzEbhFamQoUJwbFVDV",0.549,0.977,"A#",-5.773,"major",0.12,0.0377,2.59e-05,0.876,0.578,106.205,246107,4,"A# major",47,"Charlie Brown Jr."
"89","0AFkktyrrPtQvpIBqpRrc7","Acústico (Ao Vivo)","https://i.scdn.co/image/ae118809211bc5e5f7dfdf88af3612fa70d647cb","2003-01-06",2003-01-06,52,"Quinta-Feira - Ao Vivo","1w68dw4EgQy5aUgpBuZQVj",0.388,0.843,"B",-6.628,"major",0.0683,0.152,0.00189,0.929,0.856,149.115,317160,4,"B major",43,"Charlie Brown Jr."
"90","0AFkktyrrPtQvpIBqpRrc7","Acústico (Ao Vivo)","https://i.scdn.co/image/ae118809211bc5e5f7dfdf88af3612fa70d647cb","2003-01-06",2003-01-06,52,"Só Por Uma Noite - Ao Vivo","3JRi5bymnIQ2fhIetoOm3r",0.565,0.944,"E",-6.485,"major",0.0427,0.0406,0.00155,0.81,0.699,114.893,190400,4,"E major",43,"Charlie Brown Jr."
"91","0AFkktyrrPtQvpIBqpRrc7","Acústico (Ao Vivo)","https://i.scdn.co/image/ae118809211bc5e5f7dfdf88af3612fa70d647cb","2003-01-06",2003-01-06,52,"Oba Lá Vem Ela / Incluindo: Musa Da Ilha Grande - Ao Vivo","7G1okxqBBV9zngZCi9XQsA",0.618,0.936,"E",-7.755,"minor",0.0516,0.273,0.000177,0.967,0.829,113.783,166840,4,"E minor",42,"Charlie Brown Jr."
"92","0AFkktyrrPtQvpIBqpRrc7","Acústico (Ao Vivo)","https://i.scdn.co/image/ae118809211bc5e5f7dfdf88af3612fa70d647cb","2003-01-06",2003-01-06,52,"Tudo Mudar - Ao Vivo","3BG9zJ5Yo5KJLD5D3EuciG",0.398,0.951,"D#",-6.422,"major",0.157,0.102,8.35e-05,0.695,0.336,91.699,140200,4,"D# major",42,"Charlie Brown Jr."
"93","0AFkktyrrPtQvpIBqpRrc7","Acústico (Ao Vivo)","https://i.scdn.co/image/ae118809211bc5e5f7dfdf88af3612fa70d647cb","2003-01-06",2003-01-06,52,"Proibida Pra Mim (Grazon) - Ao Vivo","2ScU6iEvgb0TIuKiyem9rg",0.512,0.973,"G#",-4.704,"major",0.0424,0.000686,0.0292,0.52,0.786,91.457,151667,4,"G# major",45,"Charlie Brown Jr."
"94","0AFkktyrrPtQvpIBqpRrc7","Acústico (Ao Vivo)","https://i.scdn.co/image/ae118809211bc5e5f7dfdf88af3612fa70d647cb","2003-01-06",2003-01-06,52,"Charlie Brown Jr - Ao Vivo","3Suli2OnPcXOOH8z2sR2pu",0.551,0.989,"G#",-4.854,"major",0.12,0.0212,0.00824,0.833,0.455,119.394,229827,4,"G# major",40,"Charlie Brown Jr."
"95","6PsijYuoyIB4vgV5brmbhq","Tamo Ai Na Atividade","https://i.scdn.co/image/d5ce885f58c235d147b1a1d4518cc4ff1c865be0","2005-12-13",2005-12-13,47,"Malabarizando (Quem É De Fé Continua Com A Gente)","3E5YfmJqRwL8AoQoCMWToy",0.578,0.836,"D",-4.789,"major",0.265,0.169,0,0.41,0.854,96.892,100400,4,"D major",28,"Charlie Brown Jr."
"96","6PsijYuoyIB4vgV5brmbhq","Tamo Ai Na Atividade","https://i.scdn.co/image/d5ce885f58c235d147b1a1d4518cc4ff1c865be0","2005-12-13",2005-12-13,47,"Champanhe e Água Benta","7u5p33hCQVAi2B4R9xYOSC",0.603,0.959,"C#",-3.395,"major",0.0446,0.00325,0.000224,0.0844,0.679,115.1,151293,4,"C# major",41,"Charlie Brown Jr."
"97","6PsijYuoyIB4vgV5brmbhq","Tamo Ai Na Atividade","https://i.scdn.co/image/d5ce885f58c235d147b1a1d4518cc4ff1c865be0","2005-12-13",2005-12-13,47,"Tamo Ai Na Atividade","3U5cECvoDDKlO7LxeIp0Lm",0.541,0.871,"A#",-3.417,"minor",0.0776,0.00298,0,0.0931,0.804,82.946,219573,4,"A# minor",55,"Charlie Brown Jr."
"98","6PsijYuoyIB4vgV5brmbhq","Tamo Ai Na Atividade","https://i.scdn.co/image/d5ce885f58c235d147b1a1d4518cc4ff1c865be0","2005-12-13",2005-12-13,47,"Eu Vim De Santos Sou Charlie Brown","2ADJf0vj44ftdF8Y2FsXpw",0.772,0.73,"C#",-6.524,"major",0.132,0.147,0,0.0676,0.455,91.997,246333,4,"C# major",37,"Charlie Brown Jr."
"99","6PsijYuoyIB4vgV5brmbhq","Tamo Ai Na Atividade","https://i.scdn.co/image/d5ce885f58c235d147b1a1d4518cc4ff1c865be0","2005-12-13",2005-12-13,47,"So Far Away","2njdMKXYG3eCa5RIYCGUoX",0.397,0.996,"C#",-2.934,"major",0.0565,2.22e-06,0.00257,0.114,0.587,113.218,141693,4,"C# major",30,"Charlie Brown Jr."
"100","6PsijYuoyIB4vgV5brmbhq","Tamo Ai Na Atividade","https://i.scdn.co/image/d5ce885f58c235d147b1a1d4518cc4ff1c865be0","2005-12-13",2005-12-13,47,"Longe De Você","2gCXiPI1ASfM9KHea2le06",0.732,0.54,"E",-10.04,"minor",0.0278,0.499,2.37e-06,0.0893,0.524,108.102,202600,4,"E minor",48,"Charlie Brown Jr."
"101","6PsijYuoyIB4vgV5brmbhq","Tamo Ai Na Atividade","https://i.scdn.co/image/d5ce885f58c235d147b1a1d4518cc4ff1c865be0","2005-12-13",2005-12-13,47,"Di-Sk8 Eu Vim","4vYjRlRzLLPVezkMTKntZ7",0.771,0.636,"C#",-6.672,"minor",0.111,0.398,0,0.204,0.872,93.936,78373,4,"C# minor",34,"Charlie Brown Jr."
"102","6PsijYuoyIB4vgV5brmbhq","Tamo Ai Na Atividade","https://i.scdn.co/image/d5ce885f58c235d147b1a1d4518cc4ff1c865be0","2005-12-13",2005-12-13,47,"Di-Sk8 Eu Vou","296WTgStnbQrCg8F4JAp5i",0.784,0.804,"G#",-7.175,"major",0.148,0.158,0,0.0545,0.865,97.563,201400,4,"G# major",33,"Charlie Brown Jr."
"103","6PsijYuoyIB4vgV5brmbhq","Tamo Ai Na Atividade","https://i.scdn.co/image/d5ce885f58c235d147b1a1d4518cc4ff1c865be0","2005-12-13",2005-12-13,47,"Vivendo Nesse Absurdo","6ReNHPMnWhBqrCMHeCvPhH",0.215,0.75,"G#",-6.199,"major",0.0317,0.00418,0.00846,0.077,0.284,76.764,273160,4,"G# major",33,"Charlie Brown Jr."
"104","6PsijYuoyIB4vgV5brmbhq","Tamo Ai Na Atividade","https://i.scdn.co/image/d5ce885f58c235d147b1a1d4518cc4ff1c865be0","2005-12-13",2005-12-13,47,"Todos Iguais","6CD0kqUDJCXwdCEvfkqLQM",0.434,0.946,"G#",-6.074,"major",0.0367,3.04e-06,0.326,0.108,0.794,79.996,243240,4,"G# major",27,"Charlie Brown Jr."
"105","6PsijYuoyIB4vgV5brmbhq","Tamo Ai Na Atividade","https://i.scdn.co/image/d5ce885f58c235d147b1a1d4518cc4ff1c865be0","2005-12-13",2005-12-13,47,"Cheirando Cola","3eEQEnKkwkhoTxj77xLQCt",0.798,0.944,"A",-6.512,"minor",0.18,0.211,0,0.216,0.835,97.51,94000,4,"A minor",26,"Charlie Brown Jr."
"106","6PsijYuoyIB4vgV5brmbhq","Tamo Ai Na Atividade","https://i.scdn.co/image/d5ce885f58c235d147b1a1d4518cc4ff1c865be0","2005-12-13",2005-12-13,47,"O Errado Que Deu Certo","6IyvXMlalYJ5NBXWWi3ugg",0.409,0.892,"D#",-5.678,"minor",0.0469,0.0131,0.0178,0.124,0.562,122.152,170600,4,"D# minor",39,"Charlie Brown Jr."
"107","6PsijYuoyIB4vgV5brmbhq","Tamo Ai Na Atividade","https://i.scdn.co/image/d5ce885f58c235d147b1a1d4518cc4ff1c865be0","2005-12-13",2005-12-13,47,"Malokero Sk8 Board","25DxQvDxhxtI1sKfG9rDaJ",0.341,0.983,"C#",-5.037,"major",0.151,1.23e-05,0.000126,0.349,0.294,84.033,129800,4,"C# major",26,"Charlie Brown Jr."
"108","6PsijYuoyIB4vgV5brmbhq","Tamo Ai Na Atividade","https://i.scdn.co/image/d5ce885f58c235d147b1a1d4518cc4ff1c865be0","2005-12-13",2005-12-13,47,"Indicados Para O Prêmio Nobel Da Paz","4IYqnlkRkpf1ojwnvCk0uV",0.471,0.947,"C#",-4.985,"major",0.0669,0.000352,0.0048,0.094,0.793,99.805,126093,4,"C# major",26,"Charlie Brown Jr."
"109","6PsijYuoyIB4vgV5brmbhq","Tamo Ai Na Atividade","https://i.scdn.co/image/d5ce885f58c235d147b1a1d4518cc4ff1c865be0","2005-12-13",2005-12-13,47,"Lixo E O Luxo","2c4csrfPe5LCPVfSM4n8ST",0.598,0.627,"E",-10.275,"major",0.0364,0.682,1.45e-05,0.192,0.722,80.077,163907,4,"E major",38,"Charlie Brown Jr."
"110","1l8K5fgYz4J0ZZyjMVd6Q1","Imunidade Musical","https://i.scdn.co/image/6d51d6bab179682fa61e5c673838f6e77fd0bff2","2005-12-21",2005-12-21,60,"Too Fast Live Too Young Too Die","13hc2Rjeh0cJ8qnIUABazb",0.473,0.942,"G#",-4.479,"major",0.0711,0.00846,0.737,0.0867,0.351,96.781,39267,4,"G# major",33,"Charlie Brown Jr."
"111","1l8K5fgYz4J0ZZyjMVd6Q1","Imunidade Musical","https://i.scdn.co/image/6d51d6bab179682fa61e5c673838f6e77fd0bff2","2005-12-21",2005-12-21,60,"No Passo A passo","710LZwGdIyLGGBHg1MhUeu",0.355,0.994,"F#",-2.437,"minor",0.0933,0.00419,0.000223,0.32,0.629,88.207,147600,4,"F# minor",34,"Charlie Brown Jr."
"112","1l8K5fgYz4J0ZZyjMVd6Q1","Imunidade Musical","https://i.scdn.co/image/6d51d6bab179682fa61e5c673838f6e77fd0bff2","2005-12-21",2005-12-21,60,"Lutar Pelo Que e Meu","6LArtYoT4DUAldcgPZvyWr",0.572,0.953,"G#",-3.998,"major",0.0453,0.0616,2.07e-05,0.368,0.854,94.023,201000,4,"G# major",57,"Charlie Brown Jr."
"113","1l8K5fgYz4J0ZZyjMVd6Q1","Imunidade Musical","https://i.scdn.co/image/6d51d6bab179682fa61e5c673838f6e77fd0bff2","2005-12-21",2005-12-21,60,"É Quente","0ZPl9nB62OHQNMdLphpyps",0.657,0.949,"G#",-3.144,"major",0.0976,0.00851,1.01e-06,0.0832,0.921,77.55,179200,4,"G# major",35,"Charlie Brown Jr."
"114","1l8K5fgYz4J0ZZyjMVd6Q1","Imunidade Musical","https://i.scdn.co/image/6d51d6bab179682fa61e5c673838f6e77fd0bff2","2005-12-21",2005-12-21,60,"Onde Não Existe A Paz Não Existe O Amor","74niLvcQCxCi90ZzPnVVFM",0.551,0.959,"G#",-3.389,"minor",0.0681,0.21,1.38e-06,0.215,0.936,170.035,247733,4,"G# minor",33,"Charlie Brown Jr."
"115","1l8K5fgYz4J0ZZyjMVd6Q1","Imunidade Musical","https://i.scdn.co/image/6d51d6bab179682fa61e5c673838f6e77fd0bff2","2005-12-21",2005-12-21,60,"Ela Vai Voltar (Todos Os Defeitos de uma Mulher Perfeita)","70dJEanFPdYuWZumkrnKeX",0.676,0.657,"F#",-7.28,"major",0.0272,0.424,0.000147,0.13,0.879,105.002,188200,4,"F# major",65,"Charlie Brown Jr."
"116","1l8K5fgYz4J0ZZyjMVd6Q1","Imunidade Musical","https://i.scdn.co/image/6d51d6bab179682fa61e5c673838f6e77fd0bff2","2005-12-21",2005-12-21,60,"O Mundo Explodiu La Fora","5dbg63VvmTjGvnapJC6LgQ",0.591,0.913,"G#",-4.778,"major",0.0401,0.0626,1.88e-06,0.148,0.848,152.065,180467,4,"G# major",36,"Charlie Brown Jr."
"117","1l8K5fgYz4J0ZZyjMVd6Q1","Imunidade Musical","https://i.scdn.co/image/6d51d6bab179682fa61e5c673838f6e77fd0bff2","2005-12-21",2005-12-21,60,"Senhor do Tempo","6C6315RjrDrqj1oqaJVGY8",0.771,0.631,"F#",-7.276,"major",0.0382,0.762,0.00454,0.108,0.644,97.054,202827,4,"F# major",55,"Charlie Brown Jr."
"118","1l8K5fgYz4J0ZZyjMVd6Q1","Imunidade Musical","https://i.scdn.co/image/6d51d6bab179682fa61e5c673838f6e77fd0bff2","2005-12-21",2005-12-21,60,"Liberdade Acima De Tudo","1DOeqZUzpw3ChK8giHtCLr",0.588,0.993,"F",-3.152,"minor",0.0947,0.0251,0.000203,0.104,0.45,121.961,187600,4,"F minor",33,"Charlie Brown Jr."
"119","1l8K5fgYz4J0ZZyjMVd6Q1","Imunidade Musical","https://i.scdn.co/image/6d51d6bab179682fa61e5c673838f6e77fd0bff2","2005-12-21",2005-12-21,60,"Pra Não Dizer Que Não Falei Das Flores","532WuZy5kwDhU8iNUbLKQK",0.571,0.769,"C#",-4.676,"major",0.0281,0.0528,0.00387,0.073,0.919,156.045,327507,4,"C# major",39,"Charlie Brown Jr."
"120","1l8K5fgYz4J0ZZyjMVd6Q1","Imunidade Musical","https://i.scdn.co/image/6d51d6bab179682fa61e5c673838f6e77fd0bff2","2005-12-21",2005-12-21,60,"Abrir Seus Olhos","79sAKlbEzoucUZEVb2Ykf2",0.404,0.979,"C#",-3.057,"major",0.0625,0.002,0.00155,0.131,0.863,181.265,118133,4,"C# major",33,"Charlie Brown Jr."
"121","1l8K5fgYz4J0ZZyjMVd6Q1","Imunidade Musical","https://i.scdn.co/image/6d51d6bab179682fa61e5c673838f6e77fd0bff2","2005-12-21",2005-12-21,60,"Green Goes","2orHZk9EQ3sxtXe86DJEuw",0.779,0.79,"A#",-5.638,"minor",0.128,0.427,1.92e-06,0.136,0.79,95,279800,4,"A# minor",31,"Charlie Brown Jr."
"122","1l8K5fgYz4J0ZZyjMVd6Q1","Imunidade Musical","https://i.scdn.co/image/6d51d6bab179682fa61e5c673838f6e77fd0bff2","2005-12-21",2005-12-21,60,"I Feel So Good Today","4KWKrzTYu5e7fcYC7nKUun",0.688,0.484,"C#",-9.254,"major",0.0298,0.646,0.0129,0.109,0.447,124.062,248800,4,"C# major",39,"Charlie Brown Jr."
"123","1l8K5fgYz4J0ZZyjMVd6Q1","Imunidade Musical","https://i.scdn.co/image/6d51d6bab179682fa61e5c673838f6e77fd0bff2","2005-12-21",2005-12-21,60,"Peso Da Batida Do Errado Que Deu Certo","2B8pV2gk9jNfSJ7tMp78An",0.679,0.975,"D",-2.648,"major",0.0862,0.0604,1.24e-06,0.171,0.842,101.624,127000,4,"D major",31,"Charlie Brown Jr."
"124","1l8K5fgYz4J0ZZyjMVd6Q1","Imunidade Musical","https://i.scdn.co/image/6d51d6bab179682fa61e5c673838f6e77fd0bff2","2005-12-21",2005-12-21,60,"Aquela Paz","2m2QV4YsDoVNQ9Y6THdSg4",0.586,0.487,"B",-9.29,"major",0.0341,0.769,1e-04,0.181,0.693,123.897,176960,5,"B major",43,"Charlie Brown Jr."
"125","1l8K5fgYz4J0ZZyjMVd6Q1","Imunidade Musical","https://i.scdn.co/image/6d51d6bab179682fa61e5c673838f6e77fd0bff2","2005-12-21",2005-12-21,60,"Onde Esta O Mundo bom? (Living In L.A.)","2uJX5IvgQ95pabLdVXz7oK",0.55,0.992,"A#",-3.154,"minor",0.0589,0.0209,0.000511,0.29,0.666,112.11,143800,4,"A# minor",31,"Charlie Brown Jr."
"126","1l8K5fgYz4J0ZZyjMVd6Q1","Imunidade Musical","https://i.scdn.co/image/6d51d6bab179682fa61e5c673838f6e77fd0bff2","2005-12-21",2005-12-21,60,"O Nosso Blues","2LbGrzVnDIsuDOAcb0TZSy",0.67,0.907,"C#",-4.116,"major",0.0558,0.363,0.00777,0.424,0.95,155.142,328240,4,"C# major",33,"Charlie Brown Jr."
"127","1l8K5fgYz4J0ZZyjMVd6Q1","Imunidade Musical","https://i.scdn.co/image/6d51d6bab179682fa61e5c673838f6e77fd0bff2","2005-12-21",2005-12-21,60,"O Futuro É Um Labirinto Pra Quem Não Sabe O Que Quer","0uPCCa70CruViP9HTpR4ZS",0.521,0.962,"F#",-3.283,"minor",0.161,0.291,0,0.0633,0.711,158.789,179360,4,"F# minor",34,"Charlie Brown Jr."
"128","1l8K5fgYz4J0ZZyjMVd6Q1","Imunidade Musical","https://i.scdn.co/image/6d51d6bab179682fa61e5c673838f6e77fd0bff2","2005-12-21",2005-12-21,60,"Na Palma Da Mão - O Ragga Da Baixada","2SlqSarPjKrkakOmB6JptB",0.546,0.677,"C#",-7.003,"major",0.294,0.401,0,0.138,0.618,177.847,320533,4,"C# major",31,"Charlie Brown Jr."
"129","1l8K5fgYz4J0ZZyjMVd6Q1","Imunidade Musical","https://i.scdn.co/image/6d51d6bab179682fa61e5c673838f6e77fd0bff2","2005-12-21",2005-12-21,60,"Skate Vibration","73bbMtcx8ZoCOWdKaBIaVg",0.622,0.993,"G#",-2.665,"major",0.0602,0.0891,1.14e-06,0.0537,0.803,99.594,123933,4,"G# major",29,"Charlie Brown Jr."
"130","6TU7bDQ5q465gcVt84NPeb","De 1997 A 2007","https://i.scdn.co/image/8e9e79333f34fd183b1cb62f612ced754ccd57c4","2008-11-28",2008-11-28,53,"Tudo Que Ela Gosta de Escutar","6iGnVMtuISrHb0SQyGe3YA",0.852,0.621,"F",-3.843,"minor",0.0483,0.126,1.43e-05,0.038,0.896,115.374,174263,4,"F minor",39,"Charlie Brown Jr."
"131","6TU7bDQ5q465gcVt84NPeb","De 1997 A 2007","https://i.scdn.co/image/8e9e79333f34fd183b1cb62f612ced754ccd57c4","2008-11-28",2008-11-28,53,"Proibida Pra Mim (Grazon)","5BYGk39wdCOG3Bc2i9pQrJ",0.566,0.918,"G#",-4.349,"major",0.0445,0.00571,0.00307,0.084,0.913,163.755,164728,4,"G# major",42,"Charlie Brown Jr."
"132","6TU7bDQ5q465gcVt84NPeb","De 1997 A 2007","https://i.scdn.co/image/8e9e79333f34fd183b1cb62f612ced754ccd57c4","2008-11-28",2008-11-28,53,"O Côro Vai Comê","68L8UtN78zj2DbmxJwcfQU",0.713,0.838,"C",-4.404,"minor",0.0438,0.0687,4.64e-05,0.363,0.975,147.602,140304,4,"C minor",36,"Charlie Brown Jr."
"133","6TU7bDQ5q465gcVt84NPeb","De 1997 A 2007","https://i.scdn.co/image/8e9e79333f34fd183b1cb62f612ced754ccd57c4","2008-11-28",2008-11-28,53,"Não Deixe O Mar Te Engolir","6WLnF38Z5uw9DNAq5P3YtP",0.474,0.718,"G#",-5.852,"major",0.055,0.0165,0.000873,0.0619,0.545,155.951,307540,4,"G# major",34,"Charlie Brown Jr."
"134","6TU7bDQ5q465gcVt84NPeb","De 1997 A 2007","https://i.scdn.co/image/8e9e79333f34fd183b1cb62f612ced754ccd57c4","2008-11-28",2008-11-28,53,"Te Levar Daqui","0EHG9Hqd8X57ufefwS05jG",0.604,0.964,"C#",-3.554,"major",0.104,0.00234,4.67e-05,0.324,0.544,117.001,181760,4,"C# major",40,"Charlie Brown Jr."
"135","6TU7bDQ5q465gcVt84NPeb","De 1997 A 2007","https://i.scdn.co/image/8e9e79333f34fd183b1cb62f612ced754ccd57c4","2008-11-28",2008-11-28,53,"Confisco","60xaPr3XfQbN6QrLMEWXt5",0.833,0.988,"C#",-4.413,"major",0.183,0.0698,0.000118,0.206,0.345,116.051,178913,4,"C# major",32,"Charlie Brown Jr."
"136","6TU7bDQ5q465gcVt84NPeb","De 1997 A 2007","https://i.scdn.co/image/8e9e79333f34fd183b1cb62f612ced754ccd57c4","2008-11-28",2008-11-28,53,"Zoio de Lula","5wZPQxXrlrGFnUsbOSoRwk",0.686,0.628,"F#",-4.743,"minor",0.0762,0.13,1.82e-05,0.0667,0.893,152.16,251611,4,"F# minor",40,"Charlie Brown Jr."
"137","6TU7bDQ5q465gcVt84NPeb","De 1997 A 2007","https://i.scdn.co/image/8e9e79333f34fd183b1cb62f612ced754ccd57c4","2008-11-28",2008-11-28,53,"Não É Sério","3u7efYoUbxVuKWHbirjvma",0.749,0.777,"C#",-5.917,"major",0.0506,0.0353,7.48e-06,0.108,0.749,92.071,291709,4,"C# major",54,"Charlie Brown Jr."
"138","6TU7bDQ5q465gcVt84NPeb","De 1997 A 2007","https://i.scdn.co/image/8e9e79333f34fd183b1cb62f612ced754ccd57c4","2008-11-28",2008-11-28,53,"Rubão - o Dono do Mundo","35Aq5dD1cjSna4Qpaqjic9",0.63,0.991,"C#",-4.455,"major",0.0732,0.00286,0.358,0.0676,0.619,91.028,137273,4,"C# major",35,"Charlie Brown Jr."
"139","6TU7bDQ5q465gcVt84NPeb","De 1997 A 2007","https://i.scdn.co/image/8e9e79333f34fd183b1cb62f612ced754ccd57c4","2008-11-28",2008-11-28,53,"Hoje Eu Acordei Feliz","5dUMBANtJGBIvCPDslW9zd",0.326,0.95,"D",-6.244,"major",0.0689,0.000591,0.0153,0.229,0.6,129.856,138240,4,"D major",36,"Charlie Brown Jr."
"140","6TU7bDQ5q465gcVt84NPeb","De 1997 A 2007","https://i.scdn.co/image/8e9e79333f34fd183b1cb62f612ced754ccd57c4","2008-11-28",2008-11-28,53,"Lugar Ao Sol","6xMgaYGU5oQpcOauaJwwVG",0.329,0.727,"A#",-6.556,"major",0.0306,0.0358,0.301,0.383,0.333,141.305,213159,4,"A# major",38,"Charlie Brown Jr."
"141","6TU7bDQ5q465gcVt84NPeb","De 1997 A 2007","https://i.scdn.co/image/8e9e79333f34fd183b1cb62f612ced754ccd57c4","2008-11-28",2008-11-28,53,"Só Por Uma Noite","70P8ZCFhGq0VURIE4N9DW2",0.55,0.949,"E",-4.79,"major",0.0656,0.000614,0.000244,0.0882,0.503,109.072,201953,4,"E major",38,"Charlie Brown Jr."
"142","6TU7bDQ5q465gcVt84NPeb","De 1997 A 2007","https://i.scdn.co/image/8e9e79333f34fd183b1cb62f612ced754ccd57c4","2008-11-28",2008-11-28,53,"Papo Reto (Prazer É Sexo o Resto É Negócio)","4davpKGl56j1FYQ31KMXUW",0.644,0.98,"F#",-4.061,"major",0.0784,0.00285,4.57e-06,0.109,0.589,101.087,207256,4,"F# major",37,"Charlie Brown Jr."
"143","6TU7bDQ5q465gcVt84NPeb","De 1997 A 2007","https://i.scdn.co/image/8e9e79333f34fd183b1cb62f612ced754ccd57c4","2008-11-28",2008-11-28,53,"Baader-Meinhof Blues","21Sx2LXQ9zu009cQoZTkey",0.511,0.964,"A",-4.875,"major",0.107,0.000153,1.75e-05,0.201,0.454,114.948,172199,4,"A major",30,"Charlie Brown Jr."
"144","6TU7bDQ5q465gcVt84NPeb","De 1997 A 2007","https://i.scdn.co/image/8e9e79333f34fd183b1cb62f612ced754ccd57c4","2008-11-28",2008-11-28,53,"Não Uso Sapato","10TBENZSwzP5S1GzNnoBNX",0.397,0.968,"F#",-6.355,"major",0.0553,0.00152,0.00027,0.635,0.745,98.348,174028,4,"F# major",41,"Charlie Brown Jr."
"145","6TU7bDQ5q465gcVt84NPeb","De 1997 A 2007","https://i.scdn.co/image/8e9e79333f34fd183b1cb62f612ced754ccd57c4","2008-11-28",2008-11-28,53,"Quinta-Feira","0HKYCq1NGxm1PgBVduhxVH",0.426,0.806,"B",-7.851,"major",0.0716,0.151,0.00134,0.894,0.821,73.086,316813,4,"B major",38,"Charlie Brown Jr."
"146","6TU7bDQ5q465gcVt84NPeb","De 1997 A 2007","https://i.scdn.co/image/8e9e79333f34fd183b1cb62f612ced754ccd57c4","2008-11-28",2008-11-28,53,"Vícios E Virtudes","1aKSNq3Skm9MIIksjx5bFy",0.378,0.916,"G#",-7.516,"major",0.0921,0.024,0.000381,0.988,0.622,93.06,189414,4,"G# major",56,"Charlie Brown Jr."
"147","6TU7bDQ5q465gcVt84NPeb","De 1997 A 2007","https://i.scdn.co/image/8e9e79333f34fd183b1cb62f612ced754ccd57c4","2008-11-28",2008-11-28,53,"Champanhe e Água Benta","6TcJZExJav6ruT8d2B9LMa",0.607,0.942,"C#",-4.663,"major",0.0442,0.00359,0.000206,0.131,0.675,115.087,151223,4,"C# major",33,"Charlie Brown Jr."
"148","6TU7bDQ5q465gcVt84NPeb","De 1997 A 2007","https://i.scdn.co/image/8e9e79333f34fd183b1cb62f612ced754ccd57c4","2008-11-28",2008-11-28,53,"Tamo Ai Na Atividade","2EwAQojIfM9035W96T9AG3",0.405,0.836,"A#",-4.673,"minor",0.121,0.00265,0,0.0836,0.777,167.015,219794,4,"A# minor",38,"Charlie Brown Jr."
"149","6TU7bDQ5q465gcVt84NPeb","De 1997 A 2007","https://i.scdn.co/image/8e9e79333f34fd183b1cb62f612ced754ccd57c4","2008-11-28",2008-11-28,53,"Lutar Pelo Que e Meu","20c6aiK4TDhY6nbmkwHJNL",0.58,0.942,"G#",-5.219,"major",0.0419,0.049,1.81e-05,0.316,0.843,94.082,201874,4,"G# major",37,"Charlie Brown Jr."
"150","71LuxYNrgExc2nQQfiodV6","Ritmo Ritual E Responsa Ao Vivo","https://i.scdn.co/image/7c450a424a1b7f230d23448f452e46a170f364ce","2008-12-01",2008-12-01,40,"Pipeline","7qZFWotPAYfHgkOVBB4Yei",0.357,0.977,"G#",-8.096,"major",0.0772,2.32e-05,0.937,0.379,0.246,97.886,120607,4,"G# major",26,"Charlie Brown Jr."
"151","71LuxYNrgExc2nQQfiodV6","Ritmo Ritual E Responsa Ao Vivo","https://i.scdn.co/image/7c450a424a1b7f230d23448f452e46a170f364ce","2008-12-01",2008-12-01,40,"Ninguém Entende Você","1I4r7A5w4019t6njrM3fBt",0.359,0.97,"C#",-5.945,"major",0.0873,0.00255,5.12e-05,0.388,0.325,97.866,140121,4,"C# major",29,"Charlie Brown Jr."
"152","71LuxYNrgExc2nQQfiodV6","Ritmo Ritual E Responsa Ao Vivo","https://i.scdn.co/image/7c450a424a1b7f230d23448f452e46a170f364ce","2008-12-01",2008-12-01,40,"Não Viva Em Vão","7tdJIlpyAIsUoQkqwcEezS",0.447,0.974,"C#",-6.075,"major",0.108,0.000379,0.00102,0.354,0.365,104.498,225698,4,"C# major",32,"Charlie Brown Jr."
"153","71LuxYNrgExc2nQQfiodV6","Ritmo Ritual E Responsa Ao Vivo","https://i.scdn.co/image/7c450a424a1b7f230d23448f452e46a170f364ce","2008-12-01",2008-12-01,40,"Lutar Pelo Que É Meu","0keiF8KislTwgwoLmFqZ4z",0.392,0.954,"G#",-6.996,"major",0.116,0.00279,0.00516,0.343,0.31,101.666,257254,4,"G# major",37,"Charlie Brown Jr."
"154","71LuxYNrgExc2nQQfiodV6","Ritmo Ritual E Responsa Ao Vivo","https://i.scdn.co/image/7c450a424a1b7f230d23448f452e46a170f364ce","2008-12-01",2008-12-01,40,"Beco Sem Saída","5ILRudjJFRUmAuKyF4VTJX",0.351,0.578,"C",-12.03,"minor",0.0353,0.151,0.00308,0.327,0.423,155.381,230217,4,"C minor",36,"Charlie Brown Jr."
"155","71LuxYNrgExc2nQQfiodV6","Ritmo Ritual E Responsa Ao Vivo","https://i.scdn.co/image/7c450a424a1b7f230d23448f452e46a170f364ce","2008-12-01",2008-12-01,40,"No Passo A Passo","586ulJXzdMdwp0NxnISQT5",0.355,0.941,"F#",-8.564,"minor",0.192,0.00782,0.00472,0.403,0.201,100.192,143438,4,"F# minor",28,"Charlie Brown Jr."
"156","71LuxYNrgExc2nQQfiodV6","Ritmo Ritual E Responsa Ao Vivo","https://i.scdn.co/image/7c450a424a1b7f230d23448f452e46a170f364ce","2008-12-01",2008-12-01,40,"Ela Vai Voltar (Todos Os Defeitos De Uma Mulher Perfeita)","2sT7LdYRkagommKRnShTmE",0.5,0.926,"F#",-8.43,"major",0.0696,0.0114,0.447,0.792,0.529,113.776,246727,4,"F# major",32,"Charlie Brown Jr."
"157","71LuxYNrgExc2nQQfiodV6","Ritmo Ritual E Responsa Ao Vivo","https://i.scdn.co/image/7c450a424a1b7f230d23448f452e46a170f364ce","2008-12-01",2008-12-01,40,"Papo Reto (Prazer É Sexo O Resto É Negócio)","5PAsoUR0sUjNYAJQz5E631",0.387,0.979,"C#",-5.525,"major",0.169,0.00214,0.0317,0.317,0.243,113.557,190380,4,"C# major",30,"Charlie Brown Jr."
"158","71LuxYNrgExc2nQQfiodV6","Ritmo Ritual E Responsa Ao Vivo","https://i.scdn.co/image/7c450a424a1b7f230d23448f452e46a170f364ce","2008-12-01",2008-12-01,40,"O Mundo Explodiu Lá Fora","2eea793IvWhlhIwxucobrm",0.272,0.937,"G#",-5.837,"major",0.171,0.0231,1.58e-05,0.393,0.622,172.969,90279,4,"G# major",29,"Charlie Brown Jr."
"159","71LuxYNrgExc2nQQfiodV6","Ritmo Ritual E Responsa Ao Vivo","https://i.scdn.co/image/7c450a424a1b7f230d23448f452e46a170f364ce","2008-12-01",2008-12-01,40,"Confisco","3WtBSepmwRkleLoCmPeBSd",0.386,0.994,"C#",-4.949,"major",0.239,0.00147,0.000603,0.338,0.222,135.346,184842,4,"C# major",28,"Charlie Brown Jr."
"160","71LuxYNrgExc2nQQfiodV6","Ritmo Ritual E Responsa Ao Vivo","https://i.scdn.co/image/7c450a424a1b7f230d23448f452e46a170f364ce","2008-12-01",2008-12-01,40,"Não É Serio","7uLqFYIM8wpXA07HYeyjMX",0.554,0.942,"C#",-6.801,"major",0.048,0.0226,0.000546,0.214,0.219,99.907,289254,4,"C# major",29,"Charlie Brown Jr."
"161","71LuxYNrgExc2nQQfiodV6","Ritmo Ritual E Responsa Ao Vivo","https://i.scdn.co/image/7c450a424a1b7f230d23448f452e46a170f364ce","2008-12-01",2008-12-01,40,"Liberdade Acima De Tudo","01KvNpsTxC5nvVmJnzxFYc",0.294,0.981,"C#",-5.521,"major",0.198,0.00273,0.0057,0.363,0.366,133.987,207203,4,"C# major",26,"Charlie Brown Jr."
"162","71LuxYNrgExc2nQQfiodV6","Ritmo Ritual E Responsa Ao Vivo","https://i.scdn.co/image/7c450a424a1b7f230d23448f452e46a170f364ce","2008-12-01",2008-12-01,40,"Senhor Do Tempo","5TB2LrsmiDTTGe9zt5gDSI",0.6,0.749,"F#",-9.433,"major",0.0394,0.043,0.00241,0.875,0.517,102.649,221205,4,"F# major",37,"Charlie Brown Jr."
"163","71LuxYNrgExc2nQQfiodV6","Ritmo Ritual E Responsa Ao Vivo","https://i.scdn.co/image/7c450a424a1b7f230d23448f452e46a170f364ce","2008-12-01",2008-12-01,40,"Proibida Pra Mim (Grazon)","364akTcedwNypZcHsPaGGQ",0.345,0.949,"G#",-6.431,"major",0.068,0.00288,0.00128,0.339,0.373,99.122,263367,4,"G# major",28,"Charlie Brown Jr."
"164","71LuxYNrgExc2nQQfiodV6","Ritmo Ritual E Responsa Ao Vivo","https://i.scdn.co/image/7c450a424a1b7f230d23448f452e46a170f364ce","2008-12-01",2008-12-01,40,"Onde Está O Mundo Bom? (Living L.A.) - Extra","0WQSX1kvwheUM40WqJ6fAX",0.207,0.944,"A#",-8.953,"minor",0.195,0.00196,6.49e-06,0.386,0.308,120.36,140852,4,"A# minor",24,"Charlie Brown Jr."
"165","71LuxYNrgExc2nQQfiodV6","Ritmo Ritual E Responsa Ao Vivo","https://i.scdn.co/image/7c450a424a1b7f230d23448f452e46a170f364ce","2008-12-01",2008-12-01,40,"Zoio De Lula - Extra","5DJrfOKJ6Ow6ALyLuaZkxa",0.427,0.659,"C#",-10.229,"major",0.0864,0.0257,0,0.304,0.611,92.836,263236,4,"C# major",34,"Charlie Brown Jr."
"166","71LuxYNrgExc2nQQfiodV6","Ritmo Ritual E Responsa Ao Vivo","https://i.scdn.co/image/7c450a424a1b7f230d23448f452e46a170f364ce","2008-12-01",2008-12-01,40,"Tudo Que Ela Gosta De Escutar - Extra","2Okz2GPSK1Scl6U6tPHmYf",0.304,0.835,"A#",-9.569,"minor",0.223,0.0514,0,0.369,0.558,136.693,155167,4,"A# minor",27,"Charlie Brown Jr."
"167","71LuxYNrgExc2nQQfiodV6","Ritmo Ritual E Responsa Ao Vivo","https://i.scdn.co/image/7c450a424a1b7f230d23448f452e46a170f364ce","2008-12-01",2008-12-01,40,"Sem Medo Da Escuridão - Extra","6exMqhytlzhd8BlV2KCSA7",0.302,0.735,"A#",-10.67,"minor",0.0859,0.0272,0.000325,0.713,0.573,124.148,340820,4,"A# minor",27,"Charlie Brown Jr."
"168","71LuxYNrgExc2nQQfiodV6","Ritmo Ritual E Responsa Ao Vivo","https://i.scdn.co/image/7c450a424a1b7f230d23448f452e46a170f364ce","2008-12-01",2008-12-01,40,"Aonde Não Existe A Paz Não Existe O Amor - Extra","59C80eYBRsLpoPbsvpiyGR",0.298,0.823,"C#",-9.438,"major",0.0905,0.00447,1.46e-05,0.979,0.517,90.172,271073,4,"C# major",25,"Charlie Brown Jr."
"169","71LuxYNrgExc2nQQfiodV6","Ritmo Ritual E Responsa Ao Vivo","https://i.scdn.co/image/7c450a424a1b7f230d23448f452e46a170f364ce","2008-12-01",2008-12-01,40,"Pontes Indestrutiveis - Clip Extra","4QxyTpPLbBCZFyn5HWSnPo",0.718,0.656,"G",-11.593,"major",0.105,0.247,0,0.566,0.777,159.074,203938,4,"G major",35,"Charlie Brown Jr."
"170","0tbiBipiOorOAnL7XWFbgt","Camisa 10 joga bola até na chuva","https://i.scdn.co/image/47db3e116ced7502417931effa0292d561b6b6ae","2009-09-16",2009-09-16,56,"Dona do Meu Pensamento","3EBtHRt4uSSFhNladqH3UP",0.538,0.944,"G#",-3.364,"minor",0.0367,0.0451,0.00118,0.195,0.849,130.1,239533,4,"G# minor",48,"Charlie Brown Jr."
"171","0tbiBipiOorOAnL7XWFbgt","Camisa 10 joga bola até na chuva","https://i.scdn.co/image/47db3e116ced7502417931effa0292d561b6b6ae","2009-09-16",2009-09-16,56,"Me encontra","5yEais1zgeW1MjLrx7tsie",0.395,0.954,"G#",-3.878,"major",0.0555,0.0327,0.000123,0.124,0.686,178.001,211467,4,"G# major",55,"Charlie Brown Jr."
"172","0tbiBipiOorOAnL7XWFbgt","Camisa 10 joga bola até na chuva","https://i.scdn.co/image/47db3e116ced7502417931effa0292d561b6b6ae","2009-09-16",2009-09-16,56,"Só os Loucos Sabem","3nI0piSOxAik2RCpHGloB7",0.39,0.396,"G",-8.18,"major",0.0395,0.738,0,0.0991,0.57,192.178,210493,4,"G major",66,"Charlie Brown Jr."
"173","0tbiBipiOorOAnL7XWFbgt","Camisa 10 joga bola até na chuva","https://i.scdn.co/image/47db3e116ced7502417931effa0292d561b6b6ae","2009-09-16",2009-09-16,56,"Inabalavelmente","24miLxqEchxqXnm528AI2H",0.702,0.813,"G#",-4.731,"major",0.0379,0.151,0,0.0783,0.879,151.013,265000,4,"G# major",37,"Charlie Brown Jr."
"174","0tbiBipiOorOAnL7XWFbgt","Camisa 10 joga bola até na chuva","https://i.scdn.co/image/47db3e116ced7502417931effa0292d561b6b6ae","2009-09-16",2009-09-16,56,"Só existe o agora","3J59I82oH62DfYPylH4qAK",0.69,0.87,"G",-3.043,"minor",0.0321,0.123,8.6e-06,0.032,0.975,124.998,268213,4,"G minor",40,"Charlie Brown Jr."
"175","0tbiBipiOorOAnL7XWFbgt","Camisa 10 joga bola até na chuva","https://i.scdn.co/image/47db3e116ced7502417931effa0292d561b6b6ae","2009-09-16",2009-09-16,56,"Só pra vadiar","3M6auAoAoVyPGxNxe1jcXw",0.623,0.946,"D",-4.199,"minor",0.0486,0.172,6.01e-06,0.066,0.922,108.016,244760,4,"D minor",40,"Charlie Brown Jr."
"176","0tbiBipiOorOAnL7XWFbgt","Camisa 10 joga bola até na chuva","https://i.scdn.co/image/47db3e116ced7502417931effa0292d561b6b6ae","2009-09-16",2009-09-16,56,"Puro sangue","2QIwuG4S7XCp5R0a8F8jvz",0.659,0.878,"B",-4.532,"major",0.032,0.178,0,0.297,0.881,79.972,247947,4,"B major",39,"Charlie Brown Jr."
"177","0tbiBipiOorOAnL7XWFbgt","Camisa 10 joga bola até na chuva","https://i.scdn.co/image/47db3e116ced7502417931effa0292d561b6b6ae","2009-09-16",2009-09-16,56,"O dom, a inteligência e a voz","4kqszTtqgCTZ6OI93qwwcM",0.39,0.969,"A#",-3.642,"minor",0.0628,0.0199,8.9e-05,0.312,0.8,120.063,189453,3,"A# minor",34,"Charlie Brown Jr."
"178","0tbiBipiOorOAnL7XWFbgt","Camisa 10 joga bola até na chuva","https://i.scdn.co/image/47db3e116ced7502417931effa0292d561b6b6ae","2009-09-16",2009-09-16,56,"Os cortes","1hGQVoFCYk9jf89O6rQxvE",0.538,0.979,"G#",-3.889,"major",0.0787,0.00571,0.000101,0.179,0.526,98.975,262933,4,"G# major",32,"Charlie Brown Jr."
"179","0tbiBipiOorOAnL7XWFbgt","Camisa 10 joga bola até na chuva","https://i.scdn.co/image/47db3e116ced7502417931effa0292d561b6b6ae","2009-09-16",2009-09-16,56,"Uma só vida pra viver, tenho sede nela eu vou","0bark9ggXjhaH9iy7RqwpR",0.573,0.882,"F",-4.17,"minor",0.0391,0.245,0,0.133,0.878,160.027,302320,4,"F minor",35,"Charlie Brown Jr."
"180","0tbiBipiOorOAnL7XWFbgt","Camisa 10 joga bola até na chuva","https://i.scdn.co/image/47db3e116ced7502417931effa0292d561b6b6ae","2009-09-16",2009-09-16,56,"Viver dias de sol","2a27gwEh6aLVvELpizfrcr",0.508,0.951,"F",-3.843,"minor",0.0554,0.0138,0.000312,0.114,0.573,105.228,259240,4,"F minor",37,"Charlie Brown Jr."
"181","0tbiBipiOorOAnL7XWFbgt","Camisa 10 joga bola até na chuva","https://i.scdn.co/image/47db3e116ced7502417931effa0292d561b6b6ae","2009-09-16",2009-09-16,56,"Comigo ninguém tira onda","0z1iZISYRfJPhE0VDRXVCJ",0.563,0.968,"C#",-4.088,"major",0.0743,0.0189,0.000275,0.291,0.571,138.065,179107,4,"C# major",33,"Charlie Brown Jr."
"182","0tbiBipiOorOAnL7XWFbgt","Camisa 10 joga bola até na chuva","https://i.scdn.co/image/47db3e116ced7502417931effa0292d561b6b6ae","2009-09-16",2009-09-16,56,"Camisa 10 joga bola até na chuva (Bomba Sonica)","0ClmF8tkpuySXLJHspUoKT",0.591,0.944,"A#",-3.993,"minor",0.0585,0.128,0,0.0891,0.96,91.991,189840,4,"A# minor",36,"Charlie Brown Jr."
"183","0ZAr8mzCFeBQ0Rl5UpuWzS","Papo Reto","https://i.scdn.co/image/b5d35c4b8483ce97ebf168da92702d3d3413e38a","2011-01-03",2011-01-03,36,"Papo Reto (Prazer É Sexo O Resto É Negócio)","7oiqzVwyrRUueE6EqPpmzG",0.64,0.986,"C#",-2.902,"major",0.0753,0.00324,1.7e-06,0.112,0.595,101.104,208400,4,"C# major",33,"Charlie Brown Jr."
"184","0ZAr8mzCFeBQ0Rl5UpuWzS","Papo Reto","https://i.scdn.co/image/b5d35c4b8483ce97ebf168da92702d3d3413e38a","2011-01-03",2011-01-03,36,"Zoio De Lula","3fUpBONB8CBnyydSYjpVU0",0.694,0.677,"F#",-3.478,"minor",0.0716,0.136,1.21e-05,0.0642,0.884,152.205,252813,4,"F# minor",29,"Charlie Brown Jr."
"185","0ZAr8mzCFeBQ0Rl5UpuWzS","Papo Reto","https://i.scdn.co/image/b5d35c4b8483ce97ebf168da92702d3d3413e38a","2011-01-03",2011-01-03,36,"Proibida Pra Mim (Grazon)","1IjlAQxCX3mgpddbBqrETB",0.57,0.932,"G#",-3.194,"major",0.051,0.00708,0.00338,0.103,0.911,163.71,165507,4,"G# major",29,"Charlie Brown Jr."
"186","0ZAr8mzCFeBQ0Rl5UpuWzS","Papo Reto","https://i.scdn.co/image/b5d35c4b8483ce97ebf168da92702d3d3413e38a","2011-01-03",2011-01-03,36,"Não É Sério","37OkFnkEM4bc4IiSw3VIZZ",0.755,0.801,"C#",-4.775,"major",0.0476,0.0379,4.7e-06,0.101,0.762,92.061,291853,4,"C# major",35,"Charlie Brown Jr."
"187","0ZAr8mzCFeBQ0Rl5UpuWzS","Papo Reto","https://i.scdn.co/image/b5d35c4b8483ce97ebf168da92702d3d3413e38a","2011-01-03",2011-01-03,36,"Lutar Pelo Que E Meu","2sN8JwoV6cl3d0680XBuSc",0.571,0.944,"G#",-4.086,"major",0.0444,0.0418,3.7e-05,0.139,0.811,94.098,201867,4,"G# major",29,"Charlie Brown Jr."
"188","0ZAr8mzCFeBQ0Rl5UpuWzS","Papo Reto","https://i.scdn.co/image/b5d35c4b8483ce97ebf168da92702d3d3413e38a","2011-01-03",2011-01-03,36,"Não Viva Em Vão","11dNqg79zzeVunfwBi2T2a",0.576,0.949,"C#",-5.458,"major",0.0462,0.00317,0.00103,0.0951,0.619,101.627,235613,4,"C# major",27,"Charlie Brown Jr."
"189","0ZAr8mzCFeBQ0Rl5UpuWzS","Papo Reto","https://i.scdn.co/image/b5d35c4b8483ce97ebf168da92702d3d3413e38a","2011-01-03",2011-01-03,36,"Rubão - O Dono Do Mundo","55ZYyFiPyLSN5krv7Wun8X",0.625,0.993,"C#",-3.332,"major",0.0695,0.00306,0.402,0.0691,0.671,91.005,136800,4,"C# major",25,"Charlie Brown Jr."
"190","0ZAr8mzCFeBQ0Rl5UpuWzS","Papo Reto","https://i.scdn.co/image/b5d35c4b8483ce97ebf168da92702d3d3413e38a","2011-01-03",2011-01-03,36,"Ela Vai Voltar (Todos Os Defeitos De Uma Mulher Perfeita)","0l6aEz9G2gp4kO72bKx9L1",0.679,0.654,"F#",-7.536,"major",0.0276,0.424,8.04e-05,0.12,0.891,104.978,189067,4,"F# major",27,"Charlie Brown Jr."
"191","0ZAr8mzCFeBQ0Rl5UpuWzS","Papo Reto","https://i.scdn.co/image/b5d35c4b8483ce97ebf168da92702d3d3413e38a","2011-01-03",2011-01-03,36,"Te Levar Daqui","5cV5u1YVOCY3bEClhDGU4x",0.606,0.978,"C#",-2.104,"major",0.103,0.0029,0.000112,0.091,0.533,117.006,183880,4,"C# major",27,"Charlie Brown Jr."
"192","0ZAr8mzCFeBQ0Rl5UpuWzS","Papo Reto","https://i.scdn.co/image/b5d35c4b8483ce97ebf168da92702d3d3413e38a","2011-01-03",2011-01-03,36,"Uma Criança Com Seu Olhar","0rGMMye3rd7zAilUKzYY31",0.561,0.794,"F",-5.872,"minor",0.0381,0.0475,0.000189,0.275,0.815,152.116,252907,4,"F minor",29,"Charlie Brown Jr."
"193","0ZAr8mzCFeBQ0Rl5UpuWzS","Papo Reto","https://i.scdn.co/image/b5d35c4b8483ce97ebf168da92702d3d3413e38a","2011-01-03",2011-01-03,36,"Hoje Eu Acordei Feliz","0DKcvdyavBwJsx8xCtskQO",0.316,0.955,"D",-4.986,"major",0.0733,0.000499,0.00743,0.272,0.652,129.462,139480,4,"D major",26,"Charlie Brown Jr."
"194","0ZAr8mzCFeBQ0Rl5UpuWzS","Papo Reto","https://i.scdn.co/image/b5d35c4b8483ce97ebf168da92702d3d3413e38a","2011-01-03",2011-01-03,36,"Tudo Que Ela Gosta De Escutar","5pjN9OZY87EVFI6JXlLaSk",0.856,0.656,"F",-2.646,"minor",0.0458,0.12,1.38e-05,0.0325,0.916,115.405,175907,4,"F minor",27,"Charlie Brown Jr."
"195","0ZAr8mzCFeBQ0Rl5UpuWzS","Papo Reto","https://i.scdn.co/image/b5d35c4b8483ce97ebf168da92702d3d3413e38a","2011-01-03",2011-01-03,36,"Champanhe E Água Benta","2SJzYtV5YukwDjI5OPud1T",0.609,0.953,"C#",-3.488,"major",0.0459,0.00445,0.000106,0.181,0.659,115.183,152187,4,"C# major",25,"Charlie Brown Jr."
"196","0ZAr8mzCFeBQ0Rl5UpuWzS","Papo Reto","https://i.scdn.co/image/b5d35c4b8483ce97ebf168da92702d3d3413e38a","2011-01-03",2011-01-03,36,"Senhor Do Tempo","55OINk4dyEac3XZr13rXn0",0.768,0.775,"F#",-7.488,"major",0.0608,0.787,0.00799,0.11,0.208,97.095,203120,4,"F# major",30,"Charlie Brown Jr."
"197","0ZAr8mzCFeBQ0Rl5UpuWzS","Papo Reto","https://i.scdn.co/image/b5d35c4b8483ce97ebf168da92702d3d3413e38a","2011-01-03",2011-01-03,36,"Pontes Indestrutíveis","7eSIUtkZYPXfxIvRAYcKGL",0.713,0.782,"G",-5.647,"major",0.172,0.235,0,0.207,0.776,79.41,210120,4,"G major",32,"Charlie Brown Jr."
"198","0ZAr8mzCFeBQ0Rl5UpuWzS","Papo Reto","https://i.scdn.co/image/b5d35c4b8483ce97ebf168da92702d3d3413e38a","2011-01-03",2011-01-03,36,"O Côro Vai Comê","0KtA4NswsjKp2Hn4gWpyRJ",0.72,0.87,"C",-3.182,"minor",0.0394,0.0647,1.3e-05,0.327,0.971,147.619,141680,4,"C minor",26,"Charlie Brown Jr."
"199","3T1n2CfGfA9W5uGhAa7YrU","Música Popular Caiçara (Ao Vivo)","https://i.scdn.co/image/2c7afb5b5770d084a0ea833027d12ebc208eeb5f","2012-03-19",2012-03-19,49,"Resolve o Meu Problema Aí (Ao Vivo)","4q69s6ipaZC5mmi8pek8KJ",0.176,0.97,"B",-2.512,"major",0.133,0.000258,0.00505,0.564,0.398,166.252,45418,4,"B major",31,"Charlie Brown Jr."
"200","3T1n2CfGfA9W5uGhAa7YrU","Música Popular Caiçara (Ao Vivo)","https://i.scdn.co/image/2c7afb5b5770d084a0ea833027d12ebc208eeb5f","2012-03-19",2012-03-19,49,"O Coro Vai Comê (Ao Vivo)","1ww10gxfD87Khtj83FY9x8",0.351,0.997,"C",-2.448,"minor",0.185,0.00296,0.0195,0.796,0.491,182.408,115032,4,"C minor",37,"Charlie Brown Jr."
"201","3T1n2CfGfA9W5uGhAa7YrU","Música Popular Caiçara (Ao Vivo)","https://i.scdn.co/image/2c7afb5b5770d084a0ea833027d12ebc208eeb5f","2012-03-19",2012-03-19,49,"Rubão  O Dono Do Mundo (Ao Vivo)","4RCQTxXI3lRv3MQdZTKpcg",0.428,0.995,"A#",-3.229,"minor",0.186,0.00018,0.129,0.237,0.349,96.834,149583,4,"A# minor",33,"Charlie Brown Jr."
"202","3T1n2CfGfA9W5uGhAa7YrU","Música Popular Caiçara (Ao Vivo)","https://i.scdn.co/image/2c7afb5b5770d084a0ea833027d12ebc208eeb5f","2012-03-19",2012-03-19,49,"Tudo Que Ela Gosta De Escutar (Ao Vivo)","1EyllMss4HIwebAqSia1HI",0.437,0.988,"G#",-3.2,"major",0.134,0.022,0.113,0.386,0.586,138.459,153112,4,"G# major",40,"Charlie Brown Jr."
"203","3T1n2CfGfA9W5uGhAa7YrU","Música Popular Caiçara (Ao Vivo)","https://i.scdn.co/image/2c7afb5b5770d084a0ea833027d12ebc208eeb5f","2012-03-19",2012-03-19,49,"Me Encontra (Ao Vivo)","4xTXvDVSn9fixWGiwcfJk6",0.36,0.955,"G#",-3.607,"major",0.089,9.48e-06,0.477,0.663,0.38,96.043,198391,4,"G# major",37,"Charlie Brown Jr."
"204","3T1n2CfGfA9W5uGhAa7YrU","Música Popular Caiçara (Ao Vivo)","https://i.scdn.co/image/2c7afb5b5770d084a0ea833027d12ebc208eeb5f","2012-03-19",2012-03-19,49,"Pontes Indestrutíveis (Ao Vivo)","4llGP0cJLpjErWPu0WP973",0.428,0.966,"A",-4.651,"minor",0.0817,0.000598,0.0309,0.97,0.656,91.777,184599,4,"A minor",39,"Charlie Brown Jr."
"205","3T1n2CfGfA9W5uGhAa7YrU","Música Popular Caiçara (Ao Vivo)","https://i.scdn.co/image/2c7afb5b5770d084a0ea833027d12ebc208eeb5f","2012-03-19",2012-03-19,49,"Te Levar Daqui (Ao Vivo)","4ErBtW0hpPjHRuvwcdRwRE",0.339,0.975,"F#",-3.19,"major",0.0751,1.63e-05,0.303,0.52,0.425,121.738,148793,4,"F# major",39,"Charlie Brown Jr."
"206","3T1n2CfGfA9W5uGhAa7YrU","Música Popular Caiçara (Ao Vivo)","https://i.scdn.co/image/2c7afb5b5770d084a0ea833027d12ebc208eeb5f","2012-03-19",2012-03-19,49,"Dias De Luta, Dias De Glória (Ao Vivo)","2PvXGz2duen02oSphO65K2",0.54,0.918,"D#",-4.473,"minor",0.0412,0.0117,0.006,0.302,0.671,99.998,186178,4,"D# minor",44,"Charlie Brown Jr."
"207","3T1n2CfGfA9W5uGhAa7YrU","Música Popular Caiçara (Ao Vivo)","https://i.scdn.co/image/2c7afb5b5770d084a0ea833027d12ebc208eeb5f","2012-03-19",2012-03-19,49,"Descubra o Que Há De Errado Com Você (Ao Vivo)","2UaKTLat4TYWghVyKkFdAh",0.246,0.983,"G#",-2.956,"major",0.135,0.000377,0.0919,0.924,0.433,128.377,100542,3,"G# major",31,"Charlie Brown Jr."
"208","3T1n2CfGfA9W5uGhAa7YrU","Música Popular Caiçara (Ao Vivo)","https://i.scdn.co/image/2c7afb5b5770d084a0ea833027d12ebc208eeb5f","2012-03-19",2012-03-19,49,"Coração Satânico (Ao Vivo)","4nXeSfHaUdOr8cHCpc3Xk7",0.433,0.938,"A",-4.384,"minor",0.0737,0.000912,0,0.95,0.383,90.896,271488,4,"A minor",30,"Charlie Brown Jr."
"209","3T1n2CfGfA9W5uGhAa7YrU","Música Popular Caiçara (Ao Vivo)","https://i.scdn.co/image/2c7afb5b5770d084a0ea833027d12ebc208eeb5f","2012-03-19",2012-03-19,49,"Me Deixa (Ao Vivo)","7jXSzIwXdqgNABduCqgKI9",0.4,0.946,"A",-3.387,"minor",0.0913,0.0117,0.000349,0.765,0.505,126.378,328330,4,"A minor",36,"Charlie Brown Jr."
"210","3T1n2CfGfA9W5uGhAa7YrU","Música Popular Caiçara (Ao Vivo)","https://i.scdn.co/image/2c7afb5b5770d084a0ea833027d12ebc208eeb5f","2012-03-19",2012-03-19,49,"Não é Sério (Ao Vivo)","7BNnnx0WDtrgSqq7ff84nq",0.301,0.959,"C#",-3.23,"major",0.0748,0.0394,0.000912,0.46,0.589,94.452,317649,4,"C# major",35,"Charlie Brown Jr."
"211","3T1n2CfGfA9W5uGhAa7YrU","Música Popular Caiçara (Ao Vivo)","https://i.scdn.co/image/2c7afb5b5770d084a0ea833027d12ebc208eeb5f","2012-03-19",2012-03-19,49,"Proibida Pra Mim (Grazon) (Ao Vivo)","2TqX3j8ZQTBsndDpTZPz0e",0.395,0.805,"F#",-4.809,"major",0.043,0.216,7.03e-06,0.74,0.481,83.95,230899,4,"F# major",47,"Charlie Brown Jr."
"212","3T1n2CfGfA9W5uGhAa7YrU","Música Popular Caiçara (Ao Vivo)","https://i.scdn.co/image/2c7afb5b5770d084a0ea833027d12ebc208eeb5f","2012-03-19",2012-03-19,49,"Longe De Você (Ao Vivo)","5FjMQpxI88XLxUqKHdxXcp",0.498,0.746,"D#",-5.177,"minor",0.0283,0.0243,0.00375,0.871,0.604,106.283,215435,4,"D# minor",38,"Charlie Brown Jr."
"213","3T1n2CfGfA9W5uGhAa7YrU","Música Popular Caiçara (Ao Vivo)","https://i.scdn.co/image/2c7afb5b5770d084a0ea833027d12ebc208eeb5f","2012-03-19",2012-03-19,49,"Céu Azul (Ao Vivo)","3XDUFBYZy50XMaTXUZtRXA",0.678,0.577,"C#",-6.096,"minor",0.0272,0.611,0,0.249,0.694,120.09,196348,4,"C# minor",57,"Charlie Brown Jr."
"214","7ueFez6O91AnEVF5chWKLK","Musica Popular Caiçara (Ao Vivo)","https://i.scdn.co/image/4fea8c8bb2cf2a1ad1416bf35655b5f77eadc4de","2013-03-13",2013-03-13,21,"Resolve o Meu Problema Aí - Ao Vivo","1XhsAuVlNwMSMhZc4ARNBr",0.172,0.972,"B",-3.149,"major",0.136,0.000428,0.0205,0.326,0.335,166.488,45531,4,"B major",8,"Charlie Brown Jr."
"215","7ueFez6O91AnEVF5chWKLK","Musica Popular Caiçara (Ao Vivo)","https://i.scdn.co/image/4fea8c8bb2cf2a1ad1416bf35655b5f77eadc4de","2013-03-13",2013-03-13,21,"O Coro Vai Comê - Ao Vivo","4Q7OPRqvsyDkxw13NOzmu3",0.353,0.996,"C",-2.962,"minor",0.215,0.00338,0.0112,0.566,0.478,182.359,115252,4,"C minor",11,"Charlie Brown Jr."
"216","7ueFez6O91AnEVF5chWKLK","Musica Popular Caiçara (Ao Vivo)","https://i.scdn.co/image/4fea8c8bb2cf2a1ad1416bf35655b5f77eadc4de","2013-03-13",2013-03-13,21,"Rubão - O Dono do Mundo - Ao Vivo","1AzR6JRqNlaW3gKzgqclJB",0.441,0.994,"A#",-3.862,"minor",0.181,0.00019,0.0801,0.227,0.381,96.995,149786,4,"A# minor",10,"Charlie Brown Jr."
"217","7ueFez6O91AnEVF5chWKLK","Musica Popular Caiçara (Ao Vivo)","https://i.scdn.co/image/4fea8c8bb2cf2a1ad1416bf35655b5f77eadc4de","2013-03-13",2013-03-13,21,"Tudo Que Ela Gosta de Escutar - Ao Vivo","7wM7u6FdwNBFHfMDFT2ZYA",0.449,0.986,"G#",-3.683,"major",0.145,0.0294,0.0883,0.347,0.497,138.556,153234,4,"G# major",15,"Charlie Brown Jr."
"218","7ueFez6O91AnEVF5chWKLK","Musica Popular Caiçara (Ao Vivo)","https://i.scdn.co/image/4fea8c8bb2cf2a1ad1416bf35655b5f77eadc4de","2013-03-13",2013-03-13,21,"Me Encontra - Ao Vivo","79xcEtkx5k3bQqhIQ0PLaC",0.362,0.956,"G#",-4.225,"major",0.0719,1.16e-05,0.446,0.628,0.39,95.872,198478,4,"G# major",15,"Charlie Brown Jr."
"219","7ueFez6O91AnEVF5chWKLK","Musica Popular Caiçara (Ao Vivo)","https://i.scdn.co/image/4fea8c8bb2cf2a1ad1416bf35655b5f77eadc4de","2013-03-13",2013-03-13,21,"Pontes Indestrutíveis - Ao Vivo","5BYm8p2eWn3zH7OfC03fVS",0.435,0.964,"A",-5.24,"minor",0.0935,0.000807,0.0412,0.965,0.667,92.174,184738,4,"A minor",15,"Charlie Brown Jr."
"220","7ueFez6O91AnEVF5chWKLK","Musica Popular Caiçara (Ao Vivo)","https://i.scdn.co/image/4fea8c8bb2cf2a1ad1416bf35655b5f77eadc4de","2013-03-13",2013-03-13,21,"Te Levar Daqui - Ao Vivo","6yfiOwRrxZbTOWCkEuWaGS",0.112,0.958,"C#",-3.781,"major",0.0743,2.12e-05,0.256,0.207,0.486,73.308,148950,5,"C# major",13,"Charlie Brown Jr."
"221","7ueFez6O91AnEVF5chWKLK","Musica Popular Caiçara (Ao Vivo)","https://i.scdn.co/image/4fea8c8bb2cf2a1ad1416bf35655b5f77eadc4de","2013-03-13",2013-03-13,21,"Dias de Luta, Dias de Glória - Ao Vivo","0IRYGzxNqKpF1FuwqKFHj2",0.536,0.885,"D#",-5.039,"minor",0.033,0.0118,0.00563,0.242,0.712,100.038,186358,4,"D# minor",18,"Charlie Brown Jr."
"222","7ueFez6O91AnEVF5chWKLK","Musica Popular Caiçara (Ao Vivo)","https://i.scdn.co/image/4fea8c8bb2cf2a1ad1416bf35655b5f77eadc4de","2013-03-13",2013-03-13,21,"Descubra o Que Há de Errado Com Você - Ao Vivo","3bnEUsuDzHSQlXtEwIEHYa",0.232,0.991,"G#",-3.572,"major",0.11,0.000284,0.0709,0.822,0.271,129.326,100702,3,"G# major",9,"Charlie Brown Jr."
"223","7ueFez6O91AnEVF5chWKLK","Musica Popular Caiçara (Ao Vivo)","https://i.scdn.co/image/4fea8c8bb2cf2a1ad1416bf35655b5f77eadc4de","2013-03-13",2013-03-13,21,"Coração Satânico - Ao Vivo","6QzirVpSUCYjaaOqQGlJqe",0.44,0.934,"C",-4.94,"major",0.076,0.000913,0,0.863,0.311,90.879,271673,4,"C major",7,"Charlie Brown Jr."
"224","7ueFez6O91AnEVF5chWKLK","Musica Popular Caiçara (Ao Vivo)","https://i.scdn.co/image/4fea8c8bb2cf2a1ad1416bf35655b5f77eadc4de","2013-03-13",2013-03-13,21,"Me Deixa - Ao Vivo","7DZItsLIiZjj99X60A7wLG",0.38,0.947,"D",-3.931,"minor",0.0946,0.0142,0.000512,0.445,0.438,126.385,328490,4,"D minor",12,"Charlie Brown Jr."
"225","7ueFez6O91AnEVF5chWKLK","Musica Popular Caiçara (Ao Vivo)","https://i.scdn.co/image/4fea8c8bb2cf2a1ad1416bf35655b5f77eadc4de","2013-03-13",2013-03-13,21,"Não É Sério - Ao Vivo","4jT4SVUIzRHsmaWl25lY4K",0.493,0.951,"C#",-3.847,"major",0.0605,0.0431,0.000896,0.461,0.575,95.399,317858,4,"C# major",13,"Charlie Brown Jr."
"226","7ueFez6O91AnEVF5chWKLK","Musica Popular Caiçara (Ao Vivo)","https://i.scdn.co/image/4fea8c8bb2cf2a1ad1416bf35655b5f77eadc4de","2013-03-13",2013-03-13,21,"Proibida pra Mim - Ao Vivo","70esdGLZCNipMdHgDVggoI",0.318,0.802,"F#",-5.324,"major",0.0381,0.238,4.06e-06,0.707,0.487,83.199,231053,4,"F# major",19,"Charlie Brown Jr."
"227","7ueFez6O91AnEVF5chWKLK","Musica Popular Caiçara (Ao Vivo)","https://i.scdn.co/image/4fea8c8bb2cf2a1ad1416bf35655b5f77eadc4de","2013-03-13",2013-03-13,21,"Longe de Você - Ao Vivo","7iJ4CRPWLJGaWvQmJEQp7t",0.505,0.755,"D#",-5.826,"minor",0.0266,0.0244,0.00496,0.868,0.498,106.245,215589,4,"D# minor",15,"Charlie Brown Jr."
"228","7ueFez6O91AnEVF5chWKLK","Musica Popular Caiçara (Ao Vivo)","https://i.scdn.co/image/4fea8c8bb2cf2a1ad1416bf35655b5f77eadc4de","2013-03-13",2013-03-13,21,"Céu Azul - Ao Vivo","1b0a2RtmVVBzgvNdOFHaa4",0.529,0.643,"C#",-5.508,"minor",0.0283,0.701,0.0155,0.308,0.664,129.192,200020,4,"C# minor",22,"Charlie Brown Jr."
"229","53GOG940xY4LOpgD8YzQrJ","La Familia 013","https://i.scdn.co/image/abe9e4da0aa59f04f841bf4cfd63b25db83f0278","2013-10-08",2013-10-08,54,"Um Dia a Gente Se Encontra","7vM3wi9leaynP5Bmi93VDh",0.472,0.957,"D#",-3.702,"major",0.0677,0.0371,3.22e-05,0.275,0.878,159.807,184200,4,"D# major",48,"Charlie Brown Jr."
"230","53GOG940xY4LOpgD8YzQrJ","La Familia 013","https://i.scdn.co/image/abe9e4da0aa59f04f841bf4cfd63b25db83f0278","2013-10-08",2013-10-08,54,"Fina Arte","1JeoJ8W7adEJOc1mkTq2qp",0.731,0.768,"F",-4.565,"minor",0.101,0.0817,0,0.0896,0.916,81.513,181547,4,"F minor",40,"Charlie Brown Jr."
"231","53GOG940xY4LOpgD8YzQrJ","La Familia 013","https://i.scdn.co/image/abe9e4da0aa59f04f841bf4cfd63b25db83f0278","2013-10-08",2013-10-08,54,"Cheia de Vida","3eA1BJs00KXOcOLNoMZ4Pu",0.575,0.881,"F",-4.375,"major",0.0651,0.0901,0,0.0992,0.512,90.032,162387,4,"F major",41,"Charlie Brown Jr."
"232","53GOG940xY4LOpgD8YzQrJ","La Familia 013","https://i.scdn.co/image/abe9e4da0aa59f04f841bf4cfd63b25db83f0278","2013-10-08",2013-10-08,54,"Meu Novo Mundo","0LDT8QEHbPA0aawzm9CWP7",0.727,0.801,"G",-5.104,"minor",0.0285,0.315,0.000834,0.127,0.896,124.057,207053,4,"G minor",62,"Charlie Brown Jr."
"233","53GOG940xY4LOpgD8YzQrJ","La Familia 013","https://i.scdn.co/image/abe9e4da0aa59f04f841bf4cfd63b25db83f0278","2013-10-08",2013-10-08,54,"Do Jeito Que Eu Gosto, Do Jeito Que Eu Quero","0jVdF2QoGRXcsUSdGePlrD",0.723,0.656,"F",-5.377,"minor",0.0262,0.107,0.0544,0.109,0.906,118.074,267227,4,"F minor",41,"Charlie Brown Jr."
"234","53GOG940xY4LOpgD8YzQrJ","La Familia 013","https://i.scdn.co/image/abe9e4da0aa59f04f841bf4cfd63b25db83f0278","2013-10-08",2013-10-08,54,"Rock Star","7pwUaV6Ygczf3y4rYDweUw",0.575,0.935,"F",-4.392,"minor",0.0871,0.00109,0.0115,0.105,0.948,76.955,197813,4,"F minor",38,"Charlie Brown Jr."
"235","53GOG940xY4LOpgD8YzQrJ","La Familia 013","https://i.scdn.co/image/abe9e4da0aa59f04f841bf4cfd63b25db83f0278","2013-10-08",2013-10-08,54,"Vem Ser Minha","0DZy6nJdqvHSeobBaOBJI6",0.665,0.712,"C",-6.264,"minor",0.0883,0.112,0,0.109,0.74,148.678,278267,4,"C minor",49,"Charlie Brown Jr."
"236","53GOG940xY4LOpgD8YzQrJ","La Familia 013","https://i.scdn.co/image/abe9e4da0aa59f04f841bf4cfd63b25db83f0278","2013-10-08",2013-10-08,54,"Hoje Sou Eu Que Não Mais Te Quero","0vgmsxgWglYs52xNkW5Tkh",0.601,0.766,"C",-5.358,"minor",0.0409,0.0872,0.013,0.0965,0.378,87.997,302933,4,"C minor",45,"Charlie Brown Jr."
"237","53GOG940xY4LOpgD8YzQrJ","La Familia 013","https://i.scdn.co/image/abe9e4da0aa59f04f841bf4cfd63b25db83f0278","2013-10-08",2013-10-08,54,"Camisa Preta","7utJifAjneZJQEIcI41Ife",0.386,0.921,"F#",-4.576,"minor",0.0468,0.00539,0.0763,0.0944,0.308,122.019,255960,4,"F# minor",37,"Charlie Brown Jr."
"238","53GOG940xY4LOpgD8YzQrJ","La Familia 013","https://i.scdn.co/image/abe9e4da0aa59f04f841bf4cfd63b25db83f0278","2013-10-08",2013-10-08,54,"Vou Me Embriagar de Você","5gOWq9k7NBk4fXhgRbZS7G",0.587,0.885,"G",-3.249,"minor",0.0251,0.00332,0.128,0.0526,0.703,137.98,264720,4,"G minor",42,"Charlie Brown Jr."
"239","53GOG940xY4LOpgD8YzQrJ","La Familia 013","https://i.scdn.co/image/abe9e4da0aa59f04f841bf4cfd63b25db83f0278","2013-10-08",2013-10-08,54,"A Mais Linda do Bar","2rDgG5j0fzSDAg2dHGIaZt",0.631,0.933,"B",-3.438,"major",0.0392,0.00468,0.000313,0.0381,0.967,130.052,213920,4,"B major",38,"Charlie Brown Jr."
"240","53GOG940xY4LOpgD8YzQrJ","La Familia 013","https://i.scdn.co/image/abe9e4da0aa59f04f841bf4cfd63b25db83f0278","2013-10-08",2013-10-08,54,"Samba Triste","2PI4mETfGx7poIGxazgjxz",0.463,0.629,"A#",-7.203,"minor",0.0333,0.589,4.14e-05,0.236,0.574,139.983,289853,4,"A# minor",39,"Charlie Brown Jr."
"241","53GOG940xY4LOpgD8YzQrJ","La Familia 013","https://i.scdn.co/image/abe9e4da0aa59f04f841bf4cfd63b25db83f0278","2013-10-08",2013-10-08,54,"Contrastes da Vida","21BQnWwdhfczQb3vXhicr4",0.681,0.459,"C",-10.067,"major",0.0332,0.819,0.000108,0.21,0.638,119.883,161933,4,"C major",39,"Charlie Brown Jr."
"242","2Ov5ciTOEZcvCNZQKtiye4","A Arte De Charlie Brown Jr.","https://i.scdn.co/image/01e6a305c7e46d26cb275c21ef7038c326afc105","2015-10-30",2015-10-30,52,"O Côro Vai Comê","0GJ8Bg1URiReZKHm3JcyiL",0.717,0.871,"C",-3.192,"minor",0.0385,0.0626,2.43e-05,0.354,0.971,147.622,140893,4,"C minor",41,"Charlie Brown Jr."
"243","2Ov5ciTOEZcvCNZQKtiye4","A Arte De Charlie Brown Jr.","https://i.scdn.co/image/01e6a305c7e46d26cb275c21ef7038c326afc105","2015-10-30",2015-10-30,52,"Proibida Pra Mim (Grazon)","2ZnuIK4LbnJMXWDxhXAuSg",0.576,0.934,"G#",-3.11,"major",0.0483,0.00555,0.0069,0.0949,0.925,163.732,165240,4,"G# major",45,"Charlie Brown Jr."
"244","2Ov5ciTOEZcvCNZQKtiye4","A Arte De Charlie Brown Jr.","https://i.scdn.co/image/01e6a305c7e46d26cb275c21ef7038c326afc105","2015-10-30",2015-10-30,52,"Zoio De Lula","1ccwGTzFnySkIDcJod86aJ",0.679,0.671,"F#",-3.604,"minor",0.0865,0.14,2.69e-05,0.0602,0.857,152.25,252227,4,"F# minor",45,"Charlie Brown Jr."
"245","2Ov5ciTOEZcvCNZQKtiye4","A Arte De Charlie Brown Jr.","https://i.scdn.co/image/01e6a305c7e46d26cb275c21ef7038c326afc105","2015-10-30",2015-10-30,52,"Tudo Que Ela Gosta De Escutar","3iQx0P7lcK8B8NNo9wC32w",0.851,0.656,"F",-2.588,"minor",0.0454,0.137,2.43e-05,0.0277,0.913,115.379,175107,4,"F minor",45,"Charlie Brown Jr."
"246","2Ov5ciTOEZcvCNZQKtiye4","A Arte De Charlie Brown Jr.","https://i.scdn.co/image/01e6a305c7e46d26cb275c21ef7038c326afc105","2015-10-30",2015-10-30,52,"Confisco","68uBfK67y4ZKD45qHJYaw7",0.825,0.989,"C#",-3.219,"major",0.203,0.074,0.000108,0.0886,0.416,116.03,178893,4,"C# major",39,"Charlie Brown Jr."
"247","2Ov5ciTOEZcvCNZQKtiye4","A Arte De Charlie Brown Jr.","https://i.scdn.co/image/01e6a305c7e46d26cb275c21ef7038c326afc105","2015-10-30",2015-10-30,52,"Não Deixe O Mar Te Engolir","5nnwtxX8rzN54j6Z7Uhr9c",0.471,0.768,"G#",-4.56,"major",0.0608,0.0146,0.000525,0.0622,0.531,156.258,308800,4,"G# major",39,"Charlie Brown Jr."
"248","2Ov5ciTOEZcvCNZQKtiye4","A Arte De Charlie Brown Jr.","https://i.scdn.co/image/01e6a305c7e46d26cb275c21ef7038c326afc105","2015-10-30",2015-10-30,52,"Te Levar Daqui","2VoAE0zhXuNdPbHQ7dJNMw",0.599,0.973,"C#",-2.304,"major",0.111,0.00236,7.14e-05,0.28,0.471,116.912,184667,4,"C# major",44,"Charlie Brown Jr."
"249","2Ov5ciTOEZcvCNZQKtiye4","A Arte De Charlie Brown Jr.","https://i.scdn.co/image/01e6a305c7e46d26cb275c21ef7038c326afc105","2015-10-30",2015-10-30,52,"Rubão - O Dono Do Mundo","77QHWCGbM0LEtr6X3gGHBX",0.631,0.993,"C#",-3.255,"major",0.0753,0.00211,0.544,0.0674,0.622,91.034,135867,4,"C# major",38,"Charlie Brown Jr."
"250","2Ov5ciTOEZcvCNZQKtiye4","A Arte De Charlie Brown Jr.","https://i.scdn.co/image/01e6a305c7e46d26cb275c21ef7038c326afc105","2015-10-30",2015-10-30,52,"Não É Sério - Acoustic","2wk3rEvm71VGkUi7XBX3uT",0.746,0.82,"C#",-4.641,"major",0.0477,0.0328,4.91e-06,0.102,0.762,92.074,291200,4,"C# major",48,"Charlie Brown Jr."
"251","2Ov5ciTOEZcvCNZQKtiye4","A Arte De Charlie Brown Jr.","https://i.scdn.co/image/01e6a305c7e46d26cb275c21ef7038c326afc105","2015-10-30",2015-10-30,52,"Lugar Ao Sol","1LQbFNBd3y03RsPKR9U8vE",0.323,0.764,"A#",-5.858,"major",0.0311,0.0237,0.0912,0.371,0.281,141.259,214400,4,"A# major",45,"Charlie Brown Jr."
"252","2Ov5ciTOEZcvCNZQKtiye4","A Arte De Charlie Brown Jr.","https://i.scdn.co/image/01e6a305c7e46d26cb275c21ef7038c326afc105","2015-10-30",2015-10-30,52,"Hoje Eu Acordei Feliz","7HziDJrMMjIIt9mw2fJ7u1",0.301,0.953,"D",-4.968,"major",0.0821,0.000658,0.0103,0.197,0.658,129.705,139107,4,"D major",41,"Charlie Brown Jr."
"253","2Ov5ciTOEZcvCNZQKtiye4","A Arte De Charlie Brown Jr.","https://i.scdn.co/image/01e6a305c7e46d26cb275c21ef7038c326afc105","2015-10-30",2015-10-30,52,"Papo Reto (Prazer É Sexo O Resto É Negócio)","2LLjn8kXxEnCsVdoWLQ75z",0.639,0.987,"C#",-2.787,"major",0.0676,0.00216,2.96e-06,0.109,0.604,101.134,207867,4,"C# major",43,"Charlie Brown Jr."
"254","2Ov5ciTOEZcvCNZQKtiye4","A Arte De Charlie Brown Jr.","https://i.scdn.co/image/01e6a305c7e46d26cb275c21ef7038c326afc105","2015-10-30",2015-10-30,52,"Só Por Uma Noite","47SXfYj0nFJv9vPdYeSwsr",0.579,0.963,"E",-2.801,"major",0.045,0.000416,0.00564,0.0542,0.697,109.01,203133,4,"E major",45,"Charlie Brown Jr."
"255","2Ov5ciTOEZcvCNZQKtiye4","A Arte De Charlie Brown Jr.","https://i.scdn.co/image/01e6a305c7e46d26cb275c21ef7038c326afc105","2015-10-30",2015-10-30,52,"Vícios E Virtudes - Ao Vivo","7voJiEkIHuBZ7EKJC4EabO",0.377,0.945,"G#",-6.331,"major",0.0741,0.0269,0.000581,0.984,0.603,92.502,190933,4,"G# major",43,"Charlie Brown Jr."
"256","2Ov5ciTOEZcvCNZQKtiye4","A Arte De Charlie Brown Jr.","https://i.scdn.co/image/01e6a305c7e46d26cb275c21ef7038c326afc105","2015-10-30",2015-10-30,52,"Champanhe E Água Benta","7x8lZZuOGM75vwedngqLoj",0.605,0.952,"C#",-3.399,"major",0.0446,0.00414,0.000181,0.176,0.655,115.083,151400,4,"C# major",39,"Charlie Brown Jr."
"257","2Ov5ciTOEZcvCNZQKtiye4","A Arte De Charlie Brown Jr.","https://i.scdn.co/image/01e6a305c7e46d26cb275c21ef7038c326afc105","2015-10-30",2015-10-30,52,"Tamo Ai Na Atividade","5vQfFRhPgLCHnRt38BWZdc",0.54,0.869,"A#",-3.49,"minor",0.0874,0.00253,1.48e-06,0.0916,0.794,83.087,219427,4,"A# minor",43,"Charlie Brown Jr."
"258","2Ov5ciTOEZcvCNZQKtiye4","A Arte De Charlie Brown Jr.","https://i.scdn.co/image/01e6a305c7e46d26cb275c21ef7038c326afc105","2015-10-30",2015-10-30,52,"Lutar Pelo Que E Meu","6gkKEooapAEFIQcHDgYvqn",0.585,0.95,"G#",-4.044,"major",0.0467,0.0448,2.97e-05,0.266,0.799,94.101,200773,4,"G# major",43,"Charlie Brown Jr."
"259","2Ov5ciTOEZcvCNZQKtiye4","A Arte De Charlie Brown Jr.","https://i.scdn.co/image/01e6a305c7e46d26cb275c21ef7038c326afc105","2015-10-30",2015-10-30,52,"Ela Vai Voltar (Todos Os Defeitos De Uma Mulher Perfeita)","7aq0EJwC9P2cDefB7b7Wmk",0.684,0.658,"F#",-7.449,"major",0.0272,0.446,0.000296,0.167,0.892,104.975,188227,4,"F# major",42,"Charlie Brown Jr."
"260","2Ov5ciTOEZcvCNZQKtiye4","A Arte De Charlie Brown Jr.","https://i.scdn.co/image/01e6a305c7e46d26cb275c21ef7038c326afc105","2015-10-30",2015-10-30,52,"Não Viva Em Vão","1FOFkjtIg0ekiCiNA3HPoW",0.572,0.949,"C#",-5.466,"major",0.0505,0.00275,0.00139,0.201,0.554,101.567,234333,4,"C# major",39,"Charlie Brown Jr."
"261","2Ov5ciTOEZcvCNZQKtiye4","A Arte De Charlie Brown Jr.","https://i.scdn.co/image/01e6a305c7e46d26cb275c21ef7038c326afc105","2015-10-30",2015-10-30,52,"Dias De Luta, Dias De Gloria","6WDDVEdtwVN91ECT7YCdey",0.62,0.418,"D#",-10.797,"minor",0.0413,0.895,0,0.0995,0.803,97.002,144667,4,"D# minor",43,"Charlie Brown Jr."
"262","1S268Op83O29AXDidhJuY2","Música Popular Caiçara, Vol. 2 (Ao Vivo)","https://i.scdn.co/image/2e7a68492f1478b8363ff98615511053fe455214","2016-08-26",2016-08-26,46,"Céu Azul - Ao Vivo","6xa8Q1jwdvmN5ibk7JVVsI",0.683,0.597,"C#",-6.148,"minor",0.0269,0.619,0,0.176,0.651,120.079,196763,4,"C# minor",50,"Charlie Brown Jr."
"263","1S268Op83O29AXDidhJuY2","Música Popular Caiçara, Vol. 2 (Ao Vivo)","https://i.scdn.co/image/2e7a68492f1478b8363ff98615511053fe455214","2016-08-26",2016-08-26,46,"Pipeline - Ao Vivo","6wFG5ERAD5FGfpIfTIjptB",0.391,0.993,"G#",-5.799,"major",0.0917,0.000171,0.601,0.463,0.306,92.861,117017,4,"G# major",37,"Charlie Brown Jr."
"264","1S268Op83O29AXDidhJuY2","Música Popular Caiçara, Vol. 2 (Ao Vivo)","https://i.scdn.co/image/2e7a68492f1478b8363ff98615511053fe455214","2016-08-26",2016-08-26,46,"Papo Reto: Prazer e Sexo o Resto É Negócio - Ao Vivo","1A1iVJxlRTJAJ9C2yWBx6I",0.348,0.974,"F#",-4.214,"major",0.0925,7.01e-05,0.0587,0.39,0.402,107.428,204237,4,"F# major",39,"Charlie Brown Jr."
"265","1S268Op83O29AXDidhJuY2","Música Popular Caiçara, Vol. 2 (Ao Vivo)","https://i.scdn.co/image/2e7a68492f1478b8363ff98615511053fe455214","2016-08-26",2016-08-26,46,"Só os Loucos Sabem - Ao Vivo","2rnrCtYK2UZhXudNNVV6R1",0.465,0.892,"G",-4.644,"major",0.0374,0.012,0.0057,0.888,0.389,104.293,191425,4,"G major",42,"Charlie Brown Jr."
"266","1S268Op83O29AXDidhJuY2","Música Popular Caiçara, Vol. 2 (Ao Vivo)","https://i.scdn.co/image/2e7a68492f1478b8363ff98615511053fe455214","2016-08-26",2016-08-26,46,"Ela Vai Voltar: Todos os Defeitos de uma Mulher Perfeita - Ao Vivo","7FtykFvmPRpTFxFIpN0XO4",0.372,0.954,"F#",-4.438,"major",0.0684,0.0434,0.0943,0.0825,0.294,104.767,190791,4,"F# major",40,"Charlie Brown Jr."
"267","1S268Op83O29AXDidhJuY2","Música Popular Caiçara, Vol. 2 (Ao Vivo)","https://i.scdn.co/image/2e7a68492f1478b8363ff98615511053fe455214","2016-08-26",2016-08-26,46,"Hoje Eu Só Procuro a Minha Paz / Lutar pelo Que É Meu - Ao Vivo","0IgBa4Nra5qcPINEz2kHhr",0.209,0.955,"G#",-4.995,"major",0.0567,8.66e-05,0.0012,0.472,0.74,95.938,282682,4,"G# major",38,"Charlie Brown Jr."
"268","1S268Op83O29AXDidhJuY2","Música Popular Caiçara, Vol. 2 (Ao Vivo)","https://i.scdn.co/image/2e7a68492f1478b8363ff98615511053fe455214","2016-08-26",2016-08-26,46,"No Passo a Passo - Ao Vivo","1kdSH6GW2StUSOciZ8AI8Z",0.198,0.99,"B",-4.678,"major",0.0989,7.15e-05,0.0308,0.952,0.389,105.496,93694,3,"B major",35,"Charlie Brown Jr."
"269","1S268Op83O29AXDidhJuY2","Música Popular Caiçara, Vol. 2 (Ao Vivo)","https://i.scdn.co/image/2e7a68492f1478b8363ff98615511053fe455214","2016-08-26",2016-08-26,46,"Tudo pro Alto - Ao Vivo","5Bq7fky0IUSJf3TxvqiEkT",0.291,0.979,"G#",-3.467,"major",0.0671,0.000285,0.634,0.463,0.449,100.982,185952,4,"G# major",37,"Charlie Brown Jr."
"270","1S268Op83O29AXDidhJuY2","Música Popular Caiçara, Vol. 2 (Ao Vivo)","https://i.scdn.co/image/2e7a68492f1478b8363ff98615511053fe455214","2016-08-26",2016-08-26,46,"Quinta-Feira - Ao Vivo","07weIgwVotmulb6AgUbkUE",0.343,0.889,"B",-4.212,"major",0.0461,0.0137,0.000275,0.683,0.579,77.919,124124,4,"B major",39,"Charlie Brown Jr."
"271","1S268Op83O29AXDidhJuY2","Música Popular Caiçara, Vol. 2 (Ao Vivo)","https://i.scdn.co/image/2e7a68492f1478b8363ff98615511053fe455214","2016-08-26",2016-08-26,46,"Hoje Eu Acordei Feliz - Ao Vivo","4KyOE5sYtRaQowviuaPgc7",0.208,0.997,"D",-3.217,"major",0.162,0.00122,0.0141,0.756,0.181,137.511,149449,4,"D major",37,"Charlie Brown Jr."
"272","1S268Op83O29AXDidhJuY2","Música Popular Caiçara, Vol. 2 (Ao Vivo)","https://i.scdn.co/image/2e7a68492f1478b8363ff98615511053fe455214","2016-08-26",2016-08-26,46,"Lugar ao Sol - Ao Vivo","7K1Vtsngr05MqAs6zvAlSm",0.282,0.922,"A#",-4.518,"major",0.0459,0.00149,0.274,0.358,0.423,155.157,195829,4,"A# major",40,"Charlie Brown Jr."
"273","1S268Op83O29AXDidhJuY2","Música Popular Caiçara, Vol. 2 (Ao Vivo)","https://i.scdn.co/image/2e7a68492f1478b8363ff98615511053fe455214","2016-08-26",2016-08-26,46,"Parta a Mil - Ao Vivo","3BsQEuFneqAd6ZScRKl5Tl",0.314,0.965,"C#",-3.746,"major",0.198,0.0418,2.86e-05,0.147,0.584,209.307,83483,4,"C# major",34,"Charlie Brown Jr."
"274","1S268Op83O29AXDidhJuY2","Música Popular Caiçara, Vol. 2 (Ao Vivo)","https://i.scdn.co/image/2e7a68492f1478b8363ff98615511053fe455214","2016-08-26",2016-08-26,46,"Mantenha a Dúvida e Espere Até Ouvir Falar de Nós - Ao Vivo","1aXsVPjgBk4o2p53cha5ud",0.143,0.994,"F#",-3.213,"major",0.139,0.000616,0.00331,0.16,0.185,170.298,182783,4,"F# major",34,"Charlie Brown Jr."
"275","1S268Op83O29AXDidhJuY2","Música Popular Caiçara, Vol. 2 (Ao Vivo)","https://i.scdn.co/image/2e7a68492f1478b8363ff98615511053fe455214","2016-08-26",2016-08-26,46,"Não Deixe o Mar Te Engolir - Ao Vivo","02ZxLvwvceJ03oe93eTaAS",0.339,0.863,"C#",-6.56,"major",0.0491,0.000141,0.104,0.577,0.233,85.265,350217,4,"C# major",35,"Charlie Brown Jr."
"276","0GBMhUusSjw9soVbVFRERp","Transpiração Contínua Prolongada - Edição Comemorativa","https://i.scdn.co/image/4f742bc40d4d8168ea9d22deb021670302873650","2017-10-27",2017-10-27,30,"Tributo Ao Frango Da Malasia","6kUMXoJY94mngUdxMUX0S4",0.575,0.48,"A",-14.926,"major",0.0882,0.901,0,0.947,0.823,56.814,25533,4,"A major",0,"Charlie Brown Jr."
"277","0GBMhUusSjw9soVbVFRERp","Transpiração Contínua Prolongada - Edição Comemorativa","https://i.scdn.co/image/4f742bc40d4d8168ea9d22deb021670302873650","2017-10-27",2017-10-27,30,"O Côro Vai Comê","0JHhHFj2o4ho0f6015ovo6",0.712,0.875,"C",-3.11,"minor",0.0408,0.0618,6.89e-05,0.338,0.973,147.609,141133,4,"C minor",18,"Charlie Brown Jr."
"278","0GBMhUusSjw9soVbVFRERp","Transpiração Contínua Prolongada - Edição Comemorativa","https://i.scdn.co/image/4f742bc40d4d8168ea9d22deb021670302873650","2017-10-27",2017-10-27,30,"Tudo Que Ela Gosta De Escutar","42byPCQHt8qVwqgkco75zh",0.854,0.653,"F",-2.669,"minor",0.0472,0.115,9.81e-06,0.0252,0.91,115.397,176067,4,"F minor",17,"Charlie Brown Jr."
"279","0GBMhUusSjw9soVbVFRERp","Transpiração Contínua Prolongada - Edição Comemorativa","https://i.scdn.co/image/4f742bc40d4d8168ea9d22deb021670302873650","2017-10-27",2017-10-27,30,"Sheik","5fKF2n5jmZDMTVbg9bW6R0",0.849,0.86,"F",-3.205,"minor",0.0719,0.141,0.0012,0.144,0.913,108.365,171333,4,"F minor",16,"Charlie Brown Jr."
"280","0GBMhUusSjw9soVbVFRERp","Transpiração Contínua Prolongada - Edição Comemorativa","https://i.scdn.co/image/4f742bc40d4d8168ea9d22deb021670302873650","2017-10-27",2017-10-27,30,"Hei! Arreia... - Vinheta","0L1s8SQ32jcPvljJ28FeGE",0.439,0.605,"D",-19.571,"major",0.232,0.446,0.0228,0.363,0.253,101.809,26533,4,"D major",0,"Charlie Brown Jr."
"281","0GBMhUusSjw9soVbVFRERp","Transpiração Contínua Prolongada - Edição Comemorativa","https://i.scdn.co/image/4f742bc40d4d8168ea9d22deb021670302873650","2017-10-27",2017-10-27,30,"Gimme O Anel","4pFEW4rEMHwXqfwUWKYJLs",0.74,0.745,"C#",-2.367,"major",0.0315,0.124,0.000234,0.066,0.856,117.36,170000,4,"C# major",15,"Charlie Brown Jr."
"282","0GBMhUusSjw9soVbVFRERp","Transpiração Contínua Prolongada - Edição Comemorativa","https://i.scdn.co/image/4f742bc40d4d8168ea9d22deb021670302873650","2017-10-27",2017-10-27,30,"Molengol's Groove","3bcFBeOoIHUjJgDOn4gcyd",0.885,0.275,"A#",-19.711,"minor",0.438,0.822,0.921,0.113,0.522,99.853,53000,4,"A# minor",13,"Charlie Brown Jr."
"283","0GBMhUusSjw9soVbVFRERp","Transpiração Contínua Prolongada - Edição Comemorativa","https://i.scdn.co/image/4f742bc40d4d8168ea9d22deb021670302873650","2017-10-27",2017-10-27,30,"Aquela Paz","6ihp7q0mLHQZy3SxFTwAcm",0.534,0.707,"B",-7.109,"major",0.0474,0.0744,0.0014,0.0962,0.693,90.867,182200,4,"B major",15,"Charlie Brown Jr."
"284","0GBMhUusSjw9soVbVFRERp","Transpiração Contínua Prolongada - Edição Comemorativa","https://i.scdn.co/image/4f742bc40d4d8168ea9d22deb021670302873650","2017-10-27",2017-10-27,30,"Quinta-Feira","1hqiUgSEsjZlpQPZ85I61N",0.72,0.653,"B",-4.473,"major",0.0855,0.0943,0.0807,0.0611,0.841,143.724,290200,4,"B major",15,"Charlie Brown Jr."
"285","0GBMhUusSjw9soVbVFRERp","Transpiração Contínua Prolongada - Edição Comemorativa","https://i.scdn.co/image/4f742bc40d4d8168ea9d22deb021670302873650","2017-10-27",2017-10-27,30,"Proibida Pra Mim (Grazon)","3239IF4ySDPpXL5KPSa90t",0.57,0.931,"G#",-3.119,"major",0.0479,0.00693,0.00368,0.0974,0.929,163.753,167933,4,"G# major",15,"Charlie Brown Jr."
"286","0GBMhUusSjw9soVbVFRERp","Transpiração Contínua Prolongada - Edição Comemorativa","https://i.scdn.co/image/4f742bc40d4d8168ea9d22deb021670302873650","2017-10-27",2017-10-27,30,"Lombra","0KSnywQgHzPVcM3mxB6m6P",0.574,0.965,"B",-3.374,"major",0.141,0.0701,2.03e-06,0.308,0.663,166.003,191627,4,"B major",13,"Charlie Brown Jr."
"287","0GBMhUusSjw9soVbVFRERp","Transpiração Contínua Prolongada - Edição Comemorativa","https://i.scdn.co/image/4f742bc40d4d8168ea9d22deb021670302873650","2017-10-27",2017-10-27,30,"Corra Vagabundo","4wNsv7KPrIxn6HlHVveCZI",0.632,0.882,"G#",-4.596,"major",0.0803,0.00454,0.0941,0.221,0.39,91.117,215467,4,"G# major",12,"Charlie Brown Jr."
"288","0GBMhUusSjw9soVbVFRERp","Transpiração Contínua Prolongada - Edição Comemorativa","https://i.scdn.co/image/4f742bc40d4d8168ea9d22deb021670302873650","2017-10-27",2017-10-27,30,"Falar, Falar","3eHpsUlxbgUWVQBj45p31h",0.715,0.928,"C#",-3.163,"major",0.0653,0.016,0,0.0837,0.697,99.192,167307,4,"C# major",11,"Charlie Brown Jr."
"289","0GBMhUusSjw9soVbVFRERp","Transpiração Contínua Prolongada - Edição Comemorativa","https://i.scdn.co/image/4f742bc40d4d8168ea9d22deb021670302873650","2017-10-27",2017-10-27,30,"Festa","2NrDrndP4cVnnWY9mR1ltN",0.705,0.9,"B",-4.52,"minor",0.0915,0.034,0.000344,0.0438,0.789,103.126,171693,4,"B minor",11,"Charlie Brown Jr."
"290","0GBMhUusSjw9soVbVFRERp","Transpiração Contínua Prolongada - Edição Comemorativa","https://i.scdn.co/image/4f742bc40d4d8168ea9d22deb021670302873650","2017-10-27",2017-10-27,30,"Escalas Tropicais","1324oauK3yTLWBu7iC8o0I",0.684,0.966,"G#",-2.195,"major",0.0873,0.0202,2.66e-06,0.0642,0.653,102.202,128573,4,"G# major",10,"Charlie Brown Jr."
"291","0GBMhUusSjw9soVbVFRERp","Transpiração Contínua Prolongada - Edição Comemorativa","https://i.scdn.co/image/4f742bc40d4d8168ea9d22deb021670302873650","2017-10-27",2017-10-27,30,"Charlie Brown Jr.","1lGJG7xbPfctagSQNv0t9A",0.703,0.955,"C#",-3.103,"major",0.153,0.0366,0,0.0851,0.647,108.245,191983,4,"C# major",11,"Charlie Brown Jr."
"292","0GBMhUusSjw9soVbVFRERp","Transpiração Contínua Prolongada - Edição Comemorativa","https://i.scdn.co/image/4f742bc40d4d8168ea9d22deb021670302873650","2017-10-27",2017-10-27,30,"Zoio De Lula","0qmzAFEijLDdvR2VbjFsPH",0.69,0.563,"G#",-6.7,"minor",0.0783,0.136,2.57e-06,0.0574,0.848,152.21,252227,4,"G# minor",33,"Charlie Brown Jr."
"293","0GBMhUusSjw9soVbVFRERp","Transpiração Contínua Prolongada - Edição Comemorativa","https://i.scdn.co/image/4f742bc40d4d8168ea9d22deb021670302873650","2017-10-27",2017-10-27,30,"Papo Reto (Prazer É Sexo O Resto É Negócio)","0xBRaQnHrcPOa2iobPuUZh",0.654,0.965,"F#",-5.293,"major",0.0577,0.00324,1.95e-06,0.103,0.656,101.06,207867,4,"F# major",13,"Charlie Brown Jr."
"294","0GBMhUusSjw9soVbVFRERp","Transpiração Contínua Prolongada - Edição Comemorativa","https://i.scdn.co/image/4f742bc40d4d8168ea9d22deb021670302873650","2017-10-27",2017-10-27,30,"Não É Sério - Ao Vivo","0ApUnJJoANkEQDxpocwRBw",0.501,0.885,"C#",-6.234,"major",0.0512,0.0804,0,0.689,0.573,98.637,320333,4,"C# major",17,"Charlie Brown Jr."
"295","0GBMhUusSjw9soVbVFRERp","Transpiração Contínua Prolongada - Edição Comemorativa","https://i.scdn.co/image/4f742bc40d4d8168ea9d22deb021670302873650","2017-10-27",2017-10-27,30,"Lugar Ao Sol","0wY50hn9QaiiOGp2TCZP70",0.349,0.718,"A#",-8.024,"major",0.0296,0.0144,0.148,0.389,0.341,141.284,214400,4,"A# major",13,"Charlie Brown Jr."
